,open_time,open,high,low,closed,volume,close_time,qav,num_trades,taker_base_vol,taker_quote_vol,ignore
2020-05-27 16:59:59.999,1590537600000,200.92000000,208.44000000,200.76000000,208.29000000,494816.72727000,1590623999999,101445351.02566320,167619,252824.22653000,51832733.59846020,0
2020-05-28 16:59:59.999,1590624000000,208.29000000,220.50000000,204.67000000,220.21000000,643945.97769000,1590710399999,136361627.34641550,219160,352366.88360000,74663823.75714590,0
2020-05-29 16:59:59.999,1590710400000,220.24000000,224.79000000,217.57000000,220.67000000,603058.07590000,1590796799999,133220045.49547060,217959,301826.51829000,66680504.40036720,0
2020-05-30 16:59:59.999,1590796800000,220.63000000,247.00000000,218.80000000,243.66000000,1019550.75146000,1590883199999,238678839.80930440,341862,511425.44765000,119730479.77167950,0
2020-05-31 16:59:59.999,1590883200000,243.71000000,245.39000000,229.58000000,231.57000000,821608.68884000,1590969599999,194867426.29418620,320066,381831.06077000,90551397.67858910,0
2020-06-01 16:59:59.999,1590969600000,231.56000000,250.68000000,230.66000000,248.23000000,823816.69936000,1591055999999,198791911.84704420,318497,426075.31776000,102865011.74578850,0
2020-06-02 16:59:59.999,1591056000000,248.23000000,253.80000000,225.00000000,237.71000000,955520.91863000,1591142399999,230680327.30929150,355417,462682.15945000,111744961.57192750,0
2020-06-03 16:59:59.999,1591142400000,237.71000000,245.00000000,232.71000000,244.52000000,502928.13371000,1591228799999,120179301.17898640,213792,259904.04578000,62129185.47385130,0
2020-06-04 16:59:59.999,1591228800000,244.54000000,246.60000000,236.00000000,243.21000000,669369.33920000,1591315199999,162460397.62767410,253226,332175.55769000,80659519.34918510,0
2020-06-05 16:59:59.999,1591315200000,243.22000000,247.87000000,239.14000000,240.03000000,502547.41103000,1591401599999,122084004.51697550,205337,242309.99059000,58916816.25847680,0
2020-06-06 16:59:59.999,1591401600000,240.04000000,244.70000000,237.83000000,241.94000000,389423.07798000,1591487999999,93979350.81263390,161709,198723.53956000,47973780.54283710,0
2020-06-07 16:59:59.999,1591488000000,241.94000000,245.37000000,234.60000000,244.56000000,571102.55515000,1591574399999,137165732.64761660,226478,285159.65388000,68517428.42271850,0
2020-06-08 16:59:59.999,1591574400000,244.57000000,247.70000000,240.59000000,246.40000000,383116.54719000,1591660799999,93355224.96830870,159981,193451.07601000,47159340.96864370,0
2020-06-09 16:59:59.999,1591660800000,246.37000000,249.82000000,238.00000000,243.80000000,420327.17133000,1591747199999,102374504.57389720,185974,202641.07177000,49369436.33086970,0
2020-06-10 16:59:59.999,1591747200000,243.79000000,250.28000000,242.00000000,247.78000000,431285.61715000,1591833599999,105797248.24742570,185330,221305.11120000,54322143.50039510,0
2020-06-11 16:59:59.999,1591833600000,247.78000000,250.09000000,226.20000000,230.51000000,816456.89161000,1591919999999,195063781.27644910,312655,373492.34304000,89279896.48515260,0
2020-06-12 16:59:59.999,1591920000000,230.46000000,239.38000000,228.19000000,237.55000000,446515.34124000,1592006399999,105069425.09010670,181977,224589.29616000,52877894.61382670,0
2020-06-13 16:59:59.999,1592006400000,237.55000000,238.73000000,234.66000000,238.11000000,253797.78090000,1592092799999,60087772.65246530,134555,126898.09775000,30052109.58823630,0
2020-06-14 16:59:59.999,1592092800000,238.13000000,238.59000000,229.83000000,231.77000000,304943.21188000,1592179199999,71575514.08027260,158093,150190.06138000,35264141.20722390,0
2020-06-15 16:59:59.999,1592179200000,231.74000000,233.55000000,218.27000000,230.86000000,875026.92057000,1592265599999,197907504.77877360,308126,410989.99093000,92965284.36529640,0
2020-06-16 16:59:59.999,1592265600000,230.86000000,236.00000000,228.70000000,235.30000000,499194.66758000,1592351999999,116456364.23126830,188136,252188.71079000,58831595.30783300,0
2020-06-17 16:59:59.999,1592352000000,235.31000000,237.30000000,227.65000000,233.82000000,478187.29170000,1592438399999,111415059.05626230,189653,232960.69025000,54288236.15848750,0
2020-06-18 16:59:59.999,1592438400000,233.82000000,234.65000000,227.93000000,231.27000000,334347.79917000,1592524799999,77542070.33327090,145815,157912.89857000,36639257.02317530,0
2020-06-19 16:59:59.999,1592524800000,231.26000000,231.95000000,226.74000000,229.00000000,397284.59808000,1592611199999,91117706.15513940,160682,196717.52384000,45127258.00693490,0
2020-06-20 16:59:59.999,1592611200000,229.00000000,230.85000000,225.62000000,228.89000000,303704.98826000,1592697599999,69343699.90954830,129778,146807.30372000,33536648.02595340,0
2020-06-21 16:59:59.999,1592697600000,228.88000000,231.49000000,227.11000000,228.04000000,256305.23734000,1592783999999,58868166.50610440,109238,133367.32601000,30640576.93127720,0
2020-06-22 16:59:59.999,1592784000000,228.03000000,246.89000000,227.51000000,243.13000000,749030.11114000,1592870399999,178707156.18931390,256688,381685.54634000,91072958.54464900,0
2020-06-23 16:59:59.999,1592870400000,243.11000000,244.87000000,240.75000000,243.14000000,442296.31477000,1592956799999,107457002.52462460,172649,224811.21947000,54630829.05815690,0
2020-06-24 16:59:59.999,1592956800000,243.15000000,249.24000000,231.07000000,234.58000000,921634.05340000,1593043199999,220763040.43374940,289888,447817.33625000,107284767.04106830,0
2020-06-25 16:59:59.999,1593043200000,234.57000000,235.39000000,227.56000000,232.50000000,613748.59348000,1593129599999,142697463.38010440,192323,312667.90698000,72711629.98470680,0
2020-06-26 16:59:59.999,1593129600000,232.49000000,233.61000000,227.75000000,229.64000000,628340.07007000,1593215999999,144805505.19158240,192182,313069.39625000,72145517.98801950,0
2020-06-27 16:59:59.999,1593216000000,229.66000000,231.42000000,216.00000000,220.94000000,645950.61438000,1593302399999,145264632.26381920,207051,299265.01724000,67274910.29012350,0
2020-06-28 16:59:59.999,1593302400000,220.94000000,227.96000000,218.32000000,224.93000000,444766.56881000,1593388799999,99423540.13931940,144728,236280.14760000,52806921.84877780,0
2020-06-29 16:59:59.999,1593388800000,224.89000000,229.96000000,221.26000000,227.93000000,597915.52242000,1593475199999,134510531.19766730,183558,305421.87340000,68753130.26515030,0
2020-06-30 16:59:59.999,1593475200000,227.98000000,228.70000000,222.91000000,225.60000000,415036.02977000,1593561599999,93802207.27357360,143612,202532.74647000,45764408.12825810,0
2020-07-01 16:59:59.999,1593561600000,225.59000000,232.71000000,224.16000000,230.99000000,517351.58865000,1593647999999,118322932.85495730,176455,265707.94626000,60770218.92015320,0
2020-07-02 16:59:59.999,1593648000000,230.99000000,232.01000000,222.87000000,226.46000000,592485.91115000,1593734399999,134976975.12319700,210294,282313.90134000,64320519.48114850,0
2020-07-03 16:59:59.999,1593734400000,226.46000000,228.13000000,223.97000000,224.87000000,314578.50040000,1593820799999,71286978.50356750,139167,153734.92210000,34844388.69190400,0
2020-07-04 16:59:59.999,1593820800000,224.86000000,230.71000000,224.43000000,229.17000000,307726.46593000,1593907199999,69899468.27991880,134338,156161.48084000,35487540.26136240,0
2020-07-05 16:59:59.999,1593907200000,229.24000000,229.85000000,223.05000000,227.56000000,355747.12006000,1593993599999,80528660.61919430,152077,173480.66716000,39276422.84701000,0
2020-07-06 16:59:59.999,1593993600000,227.54000000,242.00000000,226.93000000,241.60000000,864817.50700000,1594079999999,203334727.85013950,268187,443659.99767000,104363380.05687420,0
2020-07-07 16:59:59.999,1594080000000,241.60000000,243.77000000,234.40000000,239.39000000,600424.97209000,1594166399999,143122828.37511880,213589,293523.48727000,69992123.93622460,0
2020-07-08 16:59:59.999,1594166400000,239.39000000,248.88000000,237.78000000,246.95000000,958185.83708000,1594252799999,233460700.75518140,309582,472779.31973000,115197139.73159900,0
2020-07-09 16:59:59.999,1594252800000,246.94000000,247.90000000,237.88000000,241.98000000,647641.58291000,1594339199999,157541370.00481820,243580,313999.27569000,76404395.94395800,0
2020-07-10 16:59:59.999,1594339200000,241.97000000,242.16000000,235.72000000,241.26000000,455025.12385000,1594425599999,108806462.46509650,181124,234086.96963000,55969388.91838720,0
2020-07-11 16:59:59.999,1594425600000,241.27000000,241.67000000,237.54000000,239.19000000,294476.00626000,1594511999999,70548557.67783910,140265,144264.75794000,34563855.77462440,0
2020-07-12 16:59:59.999,1594512000000,239.19000000,244.00000000,236.52000000,242.79000000,469315.11720000,1594598399999,112487552.43401240,201729,238720.16445000,57233192.42448630,0
2020-07-13 16:59:59.999,1594598400000,242.76000000,245.33000000,237.33000000,239.50000000,604093.04245000,1594684799999,146193291.91067610,240032,304677.24908000,73761164.95613980,0
2020-07-14 16:59:59.999,1594684800000,239.50000000,242.09000000,237.00000000,240.44000000,426320.89188000,1594771199999,102105027.13193080,172704,212486.68184000,50895173.69127610,0
2020-07-15 16:59:59.999,1594771200000,240.45000000,241.45000000,236.83000000,238.61000000,368350.66518000,1594857599999,88059682.48343640,154984,178198.01400000,42606335.48394350,0
2020-07-16 16:59:59.999,1594857600000,238.59000000,239.39000000,230.02000000,233.57000000,587161.73894000,1594943999999,137208323.20157330,222138,284514.03969000,66475192.08183000,0
2020-07-17 16:59:59.999,1594944000000,233.58000000,234.84000000,231.65000000,232.67000000,325600.21444000,1595030399999,75931058.42265300,149088,159858.08306000,37286020.32295110,0
2020-07-18 16:59:59.999,1595030400000,232.66000000,236.80000000,232.32000000,235.67000000,341356.61820000,1595116799999,80046747.83223330,136494,168653.68252000,39557475.70548810,0
2020-07-19 16:59:59.999,1595116800000,235.67000000,239.92000000,233.28000000,239.11000000,348803.52073000,1595203199999,82120072.99362800,144896,177800.65726000,41857576.44971610,0
2020-07-20 16:59:59.999,1595203200000,239.12000000,239.72000000,234.05000000,236.01000000,396657.91938000,1595289599999,94314378.93819910,164435,193222.00995000,45941871.96180980,0
2020-07-21 16:59:59.999,1595289600000,236.00000000,246.66000000,235.57000000,245.59000000,637462.08074000,1595375999999,154502240.94119890,240019,335588.62905000,81336675.10271110,0
2020-07-22 16:59:59.999,1595376000000,245.53000000,269.61000000,241.51000000,263.74000000,718417.68296000,1595462399999,180692677.21395630,273546,382255.45060000,96136746.64578400,0
2020-07-23 16:59:59.999,1595462400000,263.75000000,279.98000000,259.70000000,275.30000000,1068774.57879000,1595548799999,287217202.72012160,378573,548027.77647000,147366131.52617590,0
2020-07-24 16:59:59.999,1595548800000,275.31000000,287.34000000,266.00000000,279.15000000,926033.06692000,1595635199999,256347245.54814900,362608,467152.58946000,129363215.30193840,0
2020-07-25 16:59:59.999,1595635200000,279.15000000,308.94000000,279.09000000,305.26000000,1058927.30554000,1595721599999,308799629.36114330,424683,546337.36919000,159353784.49878770,0
2020-07-26 16:59:59.999,1595721600000,305.31000000,318.75000000,299.00000000,311.00000000,1270368.75300000,1595807999999,392346895.32267080,486058,629296.22696000,194398665.55302020,0
2020-07-27 16:59:59.999,1595808000000,311.02000000,333.31000000,310.78000000,321.93000000,1636122.34727000,1595894399999,527292799.28791380,645395,818454.59042000,263886380.58021330,0
2020-07-28 16:59:59.999,1595894400000,321.95000000,326.80000000,305.86000000,316.77000000,1093231.55578000,1595980799999,346187853.27592900,458451,526272.91372000,166776146.18773630,0
2020-07-29 16:59:59.999,1595980800000,316.77000000,325.00000000,312.38000000,317.71000000,792802.32148000,1596067199999,254201662.13340940,347597,403407.16614000,129383921.49019800,0
2020-07-30 16:59:59.999,1596067200000,317.76000000,342.00000000,314.05000000,334.87000000,1008827.56698000,1596153599999,328286452.51829110,410721,548703.63674000,178728061.85059630,0
2020-07-31 16:59:59.999,1596153600000,334.82000000,349.45000000,328.40000000,346.33000000,948088.44982000,1596239999999,323282981.01591960,461788,479449.06541000,163562313.74991860,0
2020-08-01 16:59:59.999,1596240000000,346.32000000,392.67000000,343.07000000,387.00000000,1440843.34203000,1596326399999,527543444.86288410,598900,763925.60566000,279585883.39700170,0
2020-08-02 16:59:59.999,1596326400000,387.01000000,415.85000000,325.00000000,372.42000000,2324909.09616000,1596412799999,878397036.29751910,960835,1147802.64923000,434515635.48955820,0
2020-08-03 16:59:59.999,1596412800000,372.45000000,398.00000000,366.50000000,385.94000000,1191565.09389000,1596499199999,462170587.47850270,534803,594188.68302000,230529343.39225330,0
2020-08-04 16:59:59.999,1596499200000,385.91000000,402.98000000,380.77000000,389.61000000,1180792.42379000,1596585599999,461794422.20486850,503335,580630.09812000,227199384.22215280,0
2020-08-05 16:59:59.999,1596585600000,389.59000000,407.00000000,384.11000000,400.72000000,1124119.06720000,1596671999999,444335097.14939300,459722,569086.53448000,225101645.73652520,0
2020-08-06 16:59:59.999,1596672000000,400.72000000,403.66000000,390.51000000,394.77000000,821379.08397000,1596758399999,325718417.71600690,388529,403029.86304000,159852195.14677980,0
2020-08-07 16:59:59.999,1596758400000,394.77000000,398.26000000,362.85000000,379.34000000,1041207.35946000,1596844799999,398625567.06391200,466548,499790.82669000,191569557.52234410,0
2020-08-08 16:59:59.999,1596844800000,379.34000000,397.05000000,375.79000000,397.03000000,623029.78053000,1596931199999,240999198.02428520,300577,325760.87681000,126105849.09518240,0
2020-08-09 16:59:59.999,1596931200000,397.05000000,400.00000000,383.36000000,390.14000000,594900.58133000,1597017599999,233057462.92739680,319111,294055.13111000,115294493.99738120,0
2020-08-10 16:59:59.999,1597017600000,390.14000000,399.18000000,385.13000000,395.44000000,826969.90633000,1597103999999,326372434.89705910,395123,409673.34569000,161732201.70573280,0
2020-08-11 16:59:59.999,1597104000000,395.43000000,398.21000000,367.00000000,379.00000000,992412.60230000,1597190399999,381981614.62167230,459623,465088.67076000,179106068.40754950,0
2020-08-12 16:59:59.999,1597190400000,378.99000000,389.23000000,365.85000000,387.18000000,751848.79830000,1597276799999,285872467.64409370,349082,378876.83493000,144127095.73059770,0
2020-08-13 16:59:59.999,1597276800000,387.18000000,431.49000000,376.59000000,424.54000000,1511330.77320000,1597363199999,604810975.13185700,634978,786249.64387000,314657280.99639270,0
2020-08-14 16:59:59.999,1597363200000,424.54000000,444.71000000,417.05000000,438.11000000,1109670.94324000,1597449599999,477180580.06183250,502635,551666.89650000,237162820.57687100,0
2020-08-15 16:59:59.999,1597449600000,438.12000000,442.94000000,427.02000000,432.32000000,681698.59710000,1597535999999,296652970.48231940,351377,332354.72985000,144668622.34551780,0
2020-08-16 16:59:59.999,1597536000000,432.30000000,436.99000000,412.47000000,433.62000000,716666.25258000,1597622399999,305445885.81667000,371807,345142.26171000,147116639.26333250,0
2020-08-17 16:59:59.999,1597622400000,433.61000000,446.00000000,420.37000000,430.89000000,868870.64996000,1597708799999,375038999.50751650,443560,434882.89599000,187814884.66580410,0
2020-08-18 16:59:59.999,1597708800000,430.89000000,433.81000000,415.00000000,421.95000000,743254.57018000,1597795199999,316635286.99292170,374074,356765.97549000,152053040.63348380,0
2020-08-19 16:59:59.999,1597795200000,421.92000000,426.75000000,393.25000000,407.46000000,978339.69221000,1597881599999,400208683.34672710,455992,457547.57265000,187156985.82537450,0
2020-08-20 16:59:59.999,1597881600000,407.46000000,418.98000000,402.07000000,415.94000000,663555.73445000,1597967999999,273292342.19034480,322537,336116.41655000,138426936.64111550,0
2020-08-21 16:59:59.999,1597968000000,415.94000000,418.68000000,385.10000000,387.97000000,860998.72560000,1598054399999,347455883.45330630,414222,395087.31195000,159527686.50068960,0
2020-08-22 16:59:59.999,1598054400000,387.93000000,397.04000000,379.92000000,395.24000000,643235.76543000,1598140799999,250069873.39723140,305450,315092.64001000,122564498.42421190,0
2020-08-23 16:59:59.999,1598140800000,395.23000000,396.95000000,383.15000000,390.71000000,445317.81989000,1598227199999,173799978.03511140,222729,218347.50764000,85211118.00730040,0
2020-08-24 16:59:59.999,1598227200000,390.72000000,410.42000000,387.44000000,407.68000000,717403.81877000,1598313599999,287991794.22058410,307676,374389.16218000,150318604.20706690,0
2020-08-25 16:59:59.999,1598313600000,407.68000000,409.06000000,370.00000000,382.93000000,970445.38395000,1598399999999,375681480.18694300,411636,463076.75010000,179300083.72858850,0
2020-08-26 16:59:59.999,1598400000000,382.91000000,392.91000000,377.37000000,385.81000000,738690.77940000,1598486399999,284504413.09361920,351141,372284.31302000,143413331.40317950,0
2020-08-27 16:59:59.999,1598486400000,385.81000000,397.10000000,371.48000000,383.27000000,877763.73658000,1598572799999,336647752.29422450,392116,441967.74994000,169506712.89737500,0
2020-08-28 16:59:59.999,1598572800000,383.31000000,398.00000000,379.75000000,395.11000000,732601.46905000,1598659199999,286555001.99418380,311832,376745.79555000,147371987.07353450,0
2020-08-29 16:59:59.999,1598659200000,395.10000000,405.69000000,391.88000000,398.65000000,659802.63344000,1598745599999,263787683.02808370,300090,335970.72742000,134324057.77429140,0
2020-08-30 16:59:59.999,1598745600000,398.65000000,429.89000000,398.30000000,428.94000000,894979.71788000,1598831999999,370467271.09903470,395838,454113.30749000,188019162.80121010,0
2020-08-31 16:59:59.999,1598832000000,428.94000000,439.00000000,418.04000000,433.79000000,1040748.68881000,1598918399999,447866996.18511480,456201,521857.12047000,224568024.60673360,0
2020-09-01 16:59:59.999,1598918400000,433.80000000,488.84000000,429.03000000,475.40000000,1751354.57719000,1599004799999,813662129.65048800,763508,869375.35063000,403711776.22557970,0
2020-09-02 16:59:59.999,1599004800000,475.40000000,481.39000000,420.00000000,439.50000000,1880642.46853000,1599091199999,844475154.71608050,825133,930825.55373000,418025683.68122710,0
2020-09-03 16:59:59.999,1599091200000,439.50000000,450.70000000,372.00000000,381.40000000,2408569.34151000,1599177599999,995567239.00840270,903066,1163309.47153000,481135153.40023240,0
2020-09-04 16:59:59.999,1599177600000,381.35000000,400.21000000,357.00000000,385.26000000,1806488.22474000,1599263999999,696658932.11542750,744610,898001.98862000,346399148.75434910,0
2020-09-05 16:59:59.999,1599264000000,385.30000000,395.00000000,308.42000000,335.01000000,2777166.51389000,1599350399999,967730464.90551640,1074986,1359142.30847000,474118503.45672320,0
2020-09-06 16:59:59.999,1599350400000,335.04000000,360.00000000,316.10000000,352.80000000,2017811.14721000,1599436799999,691925087.39681090,852597,1001126.65908000,343097243.97381230,0
2020-09-07 16:59:59.999,1599436800000,352.85000000,358.51000000,323.00000000,353.59000000,1740618.42462000,1599523199999,596754172.70084040,708066,875520.99803000,300098826.31230790,0
2020-09-08 16:59:59.999,1599523200000,353.59000000,356.58000000,325.38000000,337.39000000,1400246.82962000,1599609599999,476444912.54463500,554846,683844.91475000,232727441.34534670,0
2020-09-09 16:59:59.999,1599609600000,337.41000000,359.00000000,330.51000000,350.85000000,879760.56255000,1599695999999,304910633.80088960,381038,450864.78551000,156362634.92576610,0
2020-09-10 16:59:59.999,1599696000000,350.85000000,377.25000000,349.91000000,367.93000000,1134287.61137000,1599782399999,416598205.66604800,512819,564874.99855000,207485762.51111200,0
2020-09-11 16:59:59.999,1599782400000,367.93000000,375.27000000,355.49000000,373.63000000,844017.59966000,1599868799999,308822715.13365630,367615,423159.48329000,154876994.89740980,0
2020-09-12 16:59:59.999,1599868800000,373.62000000,388.57000000,364.73000000,387.78000000,766542.31635000,1599955199999,287133871.24729080,318774,391980.78732000,146905887.14703520,0
2020-09-13 16:59:59.999,1599955200000,387.78000000,390.43000000,350.00000000,366.42000000,989195.69047000,1600041599999,367969518.51348870,430236,471379.94130000,175392358.37933570,0
2020-09-14 16:59:59.999,1600041600000,366.43000000,384.64000000,355.73000000,377.12000000,1042059.62265000,1600127999999,387238794.68097150,476828,520997.62714000,193631762.56564660,0
2020-09-15 16:59:59.999,1600128000000,377.12000000,382.47000000,362.34000000,364.06000000,883856.33005000,1600214399999,328317009.56834610,405048,425660.93557000,158082601.83653550,0
2020-09-16 16:59:59.999,1600214400000,364.05000000,373.45000000,355.00000000,365.11000000,841709.98939000,1600300799999,306622238.07155210,371665,401737.07122000,146390592.33280320,0
2020-09-17 16:59:59.999,1600300800000,365.04000000,394.14000000,363.30000000,389.36000000,1256300.41100000,1600387199999,479026710.89661470,505247,649410.54624000,247663754.94968120,0
2020-09-18 16:59:59.999,1600387200000,389.35000000,392.58000000,375.33000000,384.39000000,804194.47219000,1600473599999,308748579.81603240,323159,390631.14787000,150003338.33482060,0
2020-09-19 16:59:59.999,1600473600000,384.40000000,388.72000000,377.00000000,385.25000000,570908.33553000,1600559999999,218785730.14017850,230924,275383.50997000,105557594.25420930,0
2020-09-20 16:59:59.999,1600560000000,385.25000000,385.45000000,365.00000000,371.04000000,693164.40144000,1600646399999,259700927.47821030,275295,339273.53425000,127111732.99106700,0
2020-09-21 16:59:59.999,1600646400000,371.04000000,376.80000000,331.00000000,340.36000000,1283946.03098000,1600732799999,452134893.63405810,472560,614255.13337000,216255854.30576970,0
2020-09-22 16:59:59.999,1600732800000,340.31000000,346.91000000,335.34000000,344.21000000,842731.12878000,1600819199999,288166815.51503700,286593,406238.87933000,138901899.75129510,0
2020-09-23 16:59:59.999,1600819200000,344.18000000,344.65000000,313.29000000,320.72000000,940904.49756000,1600905599999,313808761.09043880,323226,451952.70895000,150859607.76494990,0
2020-09-24 16:59:59.999,1600905600000,320.72000000,353.10000000,316.67000000,348.97000000,1071705.09721000,1600991999999,360708689.40437970,371450,541195.93188000,182260574.83696910,0
2020-09-25 16:59:59.999,1600992000000,348.97000000,358.00000000,337.58000000,351.92000000,860643.77924000,1601078399999,298266918.80064850,310536,428498.41778000,148520979.71553270,0
2020-09-26 16:59:59.999,1601078400000,351.93000000,356.40000000,345.88000000,353.92000000,530879.20755000,1601164799999,186812160.37543690,217834,265973.62355000,93597365.18627900,0
2020-09-27 16:59:59.999,1601164800000,353.95000000,362.14000000,347.24000000,357.49000000,569568.55041000,1601251199999,202411362.68323290,230526,278104.49527000,98851342.51735050,0
2020-09-28 16:59:59.999,1601251200000,357.58000000,368.20000000,351.70000000,353.96000000,757758.43040000,1601337599999,273063157.78999110,261317,365322.52821000,131705221.49365880,0
2020-09-29 16:59:59.999,1601337600000,353.91000000,360.63000000,350.45000000,359.79000000,585143.16892000,1601423999999,208028826.48711650,214988,296028.84893000,105268925.80294570,0
2020-09-30 16:59:59.999,1601424000000,359.78000000,361.50000000,351.56000000,359.83000000,498943.23226000,1601510399999,177784824.51781920,173910,258138.87585000,92021033.11709650,0
2020-10-01 16:59:59.999,1601510400000,359.83000000,370.45000000,345.51000000,352.85000000,758349.31959000,1601596799999,271468849.79851160,288354,361455.09687000,129606992.62340270,0
2020-10-02 16:59:59.999,1601596800000,352.83000000,354.55000000,334.24000000,345.60000000,733571.84211000,1601683199999,251829017.51948020,286023,359044.99342000,123230178.01440740,0
2020-10-03 16:59:59.999,1601683200000,345.60000000,351.00000000,343.70000000,345.95000000,303595.71901000,1601769599999,105401893.35734360,136755,157899.99434000,54819449.94469700,0
2020-10-04 16:59:59.999,1601769600000,345.94000000,354.45000000,343.81000000,352.37000000,343932.91712000,1601855999999,119961274.70065720,138736,168705.23259000,58850037.60413940,0
2020-10-05 16:59:59.999,1601856000000,352.34000000,356.10000000,348.54000000,353.62000000,376740.30692000,1601942399999,132656713.04409390,145787,185554.40142000,65347144.97328110,0
2020-10-06 16:59:59.999,1601942400000,353.63000000,355.10000000,336.80000000,340.75000000,640063.26951000,1602028799999,221765553.58680910,240812,311147.69014000,107797282.75783230,0
2020-10-07 16:59:59.999,1602028800000,340.80000000,342.85000000,332.18000000,341.58000000,541928.86376000,1602115199999,183873686.39043150,195112,267972.41424000,90930067.04391160,0
2020-10-08 16:59:59.999,1602115200000,341.58000000,353.32000000,334.21000000,350.95000000,631794.87560000,1602201599999,217322066.97802380,220053,332296.23857000,114406629.96863650,0
2020-10-09 16:59:59.999,1602201600000,350.94000000,368.33000000,347.32000000,365.02000000,650478.19338000,1602287999999,232878561.88521360,241168,347090.04670000,124302113.23120810,0
2020-10-10 16:59:59.999,1602288000000,365.01000000,378.40000000,364.71000000,370.52000000,591005.32129000,1602374399999,220607973.01227310,253825,299965.65391000,111977478.87854210,0
2020-10-11 16:59:59.999,1602374400000,370.51000000,377.60000000,368.87000000,374.16000000,373318.23779000,1602460799999,139329772.54031670,164475,187969.33051000,70162446.92701300,0
2020-10-12 16:59:59.999,1602460800000,374.17000000,394.80000000,365.58000000,386.51000000,844422.65444000,1602547199999,320587055.52979570,309500,427311.17538000,162322201.34325680,0
2020-10-13 16:59:59.999,1602547200000,386.51000000,387.75000000,374.51000000,381.04000000,645141.91394000,1602633599999,246276552.00902270,239460,315226.91813000,120349073.75065890,0
2020-10-14 16:59:59.999,1602633600000,381.05000000,387.41000000,373.13000000,378.69000000,569557.82936000,1602719999999,216288026.95920860,214375,278390.33609000,105736024.77958970,0
2020-10-15 16:59:59.999,1602720000000,378.69000000,381.79000000,369.85000000,377.64000000,634038.09453000,1602806399999,238396852.78392820,228454,308053.83962000,115864353.66265170,0
2020-10-16 16:59:59.999,1602806400000,377.63000000,379.83000000,361.18000000,365.50000000,654029.36404000,1602892799999,241127894.70245080,255775,308695.25396000,113825303.52954540,0
2020-10-17 16:59:59.999,1602892800000,365.50000000,370.46000000,363.36000000,368.32000000,285578.24537000,1602979199999,104838880.45610340,126045,139908.84552000,51365997.42640250,0
2020-10-18 16:59:59.999,1602979200000,368.31000000,378.64000000,367.10000000,378.11000000,323468.47095000,1603065599999,120818450.62118030,133043,166936.80184000,62359187.49284320,0
2020-10-19 16:59:59.999,1603065600000,378.12000000,384.32000000,372.50000000,379.30000000,577252.90265000,1603151999999,218372639.95702320,224887,281217.97666000,106363380.19858650,0
2020-10-20 16:59:59.999,1603152000000,379.30000000,380.73000000,365.27000000,368.52000000,617309.81677000,1603238399999,229928443.79691000,251051,288156.13039000,107315894.51408450,0
2020-10-21 16:59:59.999,1603238400000,368.53000000,401.49000000,367.74000000,390.38000000,1221663.63784000,1603324799999,472488832.71627450,450963,632070.29962000,244519977.28209820,0
2020-10-22 16:59:59.999,1603324800000,390.31000000,420.73000000,390.21000000,413.98000000,1095897.20667000,1603411199999,447211002.50125880,412013,560444.09814000,228790705.50160170,0
2020-10-23 16:59:59.999,1603411200000,413.94000000,419.33000000,401.30000000,409.11000000,727832.32240000,1603497599999,299943190.93063720,293671,353573.61208000,145754753.83309310,0
2020-10-24 16:59:59.999,1603497600000,409.19000000,416.66000000,407.00000000,412.14000000,419236.87106000,1603583999999,172799824.64868200,182680,207090.61075000,85377261.16253270,0
2020-10-25 16:59:59.999,1603584000000,412.14000000,417.40000000,402.50000000,405.86000000,415586.97610000,1603670399999,170054743.31874520,177854,192487.98412000,78807422.93383440,0
2020-10-26 16:59:59.999,1603670400000,405.85000000,411.11000000,382.30000000,392.52000000,895142.67266000,1603756799999,356208480.58571190,329493,408392.37075000,162532499.76636610,0
2020-10-27 16:59:59.999,1603756800000,392.52000000,410.25000000,389.90000000,403.45000000,754244.37552000,1603843199999,302522886.82653000,286217,373014.52987000,149645515.38216060,0
2020-10-28 16:59:59.999,1603843200000,403.41000000,409.20000000,380.52000000,388.23000000,855275.46882000,1603929599999,335751199.30374730,348661,407244.62775000,159935755.11819610,0
2020-10-29 16:59:59.999,1603929600000,388.22000000,393.72000000,380.52000000,387.13000000,573096.01416000,1604015999999,222669504.87531700,248649,283010.62488000,109967352.10618020,0
2020-10-30 16:59:59.999,1604016000000,387.12000000,391.97000000,373.29000000,382.49000000,771750.74746000,1604102399999,294342545.98087450,289735,384404.74738000,146595612.99159130,0
2020-10-31 16:59:59.999,1604102400000,382.59000000,394.88000000,379.90000000,386.46000000,467453.81050000,1604188799999,181136851.45374130,218528,238043.31120000,92253593.43786280,0
2020-11-01 15:59:59.999,1604188800000,386.44000000,398.29000000,384.61000000,396.67000000,438952.95565000,1604275199999,171238317.70032390,181369,228285.69860000,89100829.28533770,0
2020-11-02 15:59:59.999,1604275200000,396.68000000,404.50000000,377.92000000,383.02000000,779968.57957000,1604361599999,304223545.89203440,290370,382924.26079000,149479791.08400600,0
2020-11-03 15:59:59.999,1604361600000,383.01000000,390.00000000,370.23000000,387.88000000,752954.37114000,1604447999999,286291773.96848450,280412,366506.41600000,139475874.91715260,0
2020-11-04 15:59:59.999,1604448000000,387.88000000,408.39000000,376.47000000,402.49000000,1157064.35076000,1604534399999,454481208.40200980,392310,600951.59602000,236190448.28833480,0
2020-11-05 15:59:59.999,1604534400000,402.50000000,420.40000000,396.14000000,416.69000000,1475139.77342000,1604620799999,601591250.40124900,513574,733696.12776000,299466668.01144860,0
2020-11-06 15:59:59.999,1604620800000,416.73000000,458.27000000,414.76000000,455.91000000,1682440.96026000,1604707199999,736015135.62721030,666505,883105.68936000,386541087.43089730,0
2020-11-07 15:59:59.999,1604707200000,455.91000000,468.28000000,424.14000000,435.21000000,1653416.59610000,1604793599999,743871175.78212340,674858,831369.37192000,374507765.44837650,0
2020-11-08 15:59:59.999,1604793600000,435.20000000,460.10000000,431.99000000,454.30000000,840908.46841000,1604879999999,375679148.23503960,354341,424300.36519000,189644075.40081470,0
2020-11-09 15:59:59.999,1604880000000,454.29000000,459.10000000,433.09000000,444.32000000,1099213.24641000,1604966399999,491928164.98124340,469947,523180.45111000,234223108.98942740,0
2020-11-10 15:59:59.999,1604966400000,444.32000000,455.00000000,438.70000000,450.34000000,866872.41108000,1605052799999,388190148.20789510,384228,437244.02871000,195856348.18969540,0
2020-11-11 15:59:59.999,1605052800000,450.34000000,476.25000000,449.28000000,463.09000000,1205782.84262000,1605139199999,559228791.89035090,560360,626267.49881000,290487786.95615110,0
2020-11-12 15:59:59.999,1605139200000,463.09000000,470.00000000,451.20000000,462.39000000,990776.62912000,1605225599999,455971309.21685460,411840,471577.98126000,217115755.31874190,0
2020-11-13 15:59:59.999,1605225600000,462.48000000,478.01000000,457.12000000,476.43000000,976665.09752000,1605311999999,456232937.20613030,427363,509344.22798000,238031863.05169850,0
2020-11-14 15:59:59.999,1605312000000,476.42000000,477.47000000,452.00000000,460.89000000,735252.78540000,1605398399999,340142257.19369760,350772,347000.03929000,160634962.00481430,0
2020-11-15 15:59:59.999,1605398400000,460.90000000,462.89000000,440.19000000,448.08000000,665217.56671000,1605484799999,301406126.45931180,311451,307609.56539000,139442342.07826170,0
2020-11-16 15:59:59.999,1605484800000,448.07000000,466.00000000,445.45000000,460.55000000,812060.44638000,1605571199999,370889706.69923280,328762,407294.36897000,186016422.42729190,0
2020-11-17 15:59:59.999,1605571200000,460.51000000,484.88000000,459.80000000,482.15000000,1151573.37456000,1605657599999,544239665.38175160,464336,591305.56754000,279583957.90483940,0
2020-11-18 15:59:59.999,1605657600000,482.11000000,495.31000000,456.60000000,478.41000000,1477696.29116000,1605743999999,706704397.41086890,637641,741745.06753000,355029605.61622610,0
2020-11-19 15:59:59.999,1605744000000,478.43000000,480.75000000,464.86000000,471.25000000,817418.52685000,1605830399999,387199111.37944740,404737,389266.26994000,184475868.34601870,0
2020-11-20 15:59:59.999,1605830400000,471.26000000,514.40000000,470.65000000,510.12000000,1516361.90736000,1605916799999,756660192.86075660,607663,781483.37009000,389816150.40627550,0
2020-11-21 15:59:59.999,1605916800000,510.12000000,553.32000000,502.82000000,552.35000000,1548851.29067000,1606003199999,815402228.52281210,649077,789354.14815000,415699828.62327800,0
2020-11-22 15:59:59.999,1606003200000,552.42000000,580.88000000,511.28000000,560.03000000,1850317.93581000,1606089599999,1014064539.08814930,768900,910655.85789000,499466614.36578590,0
2020-11-23 15:59:59.999,1606089600000,560.03000000,610.85000000,550.12000000,608.58000000,2076008.84846000,1606175999999,1218150934.31147740,896026,1056711.75846000,620234259.82056650,0
2020-11-24 15:59:59.999,1606176000000,608.58000000,623.00000000,585.00000000,604.97000000,1606450.49193000,1606262399999,976376501.31147490,838352,801041.86277000,487114657.46570510,0
2020-11-25 15:59:59.999,1606262400000,604.98000000,606.00000000,553.83000000,569.50000000,1219440.02727000,1606348799999,716972340.67452020,657386,576127.36549000,339032707.42864070,0
2020-11-26 15:59:59.999,1606348800000,569.38000000,577.14000000,481.00000000,519.83000000,2683460.74171000,1606435199999,1386030255.16807190,1259051,1291907.71331000,667402458.34550710,0
2020-11-27 15:59:59.999,1606435200000,519.83000000,530.62000000,493.72000000,518.68000000,1088064.28114000,1606521599999,558985308.90236460,578800,546528.97953000,280820318.04883820,0
2020-11-28 15:59:59.999,1606521600000,518.59000000,547.94000000,506.59000000,537.52000000,900508.61431000,1606607999999,475169074.69038870,456028,466164.69930000,245997234.13831860,0
2020-11-29 15:59:59.999,1606608000000,537.50000000,576.90000000,530.32000000,576.30000000,855276.46664000,1606694399999,471629262.24329860,454026,440702.88199000,243151356.51696760,0
2020-11-30 15:59:59.999,1606694400000,576.32000000,616.85000000,570.07000000,616.66000000,1501989.45408000,1606780799999,895373784.83004420,717837,762000.09958000,454509095.97326810,0
2020-12-01 15:59:59.999,1606780800000,616.65000000,635.70000000,560.00000000,585.26000000,2163875.81376000,1606867199999,1300668283.31968030,1018862,1053325.00335000,633883748.89797740,0
2020-12-02 15:59:59.999,1606867200000,585.26000000,604.93000000,575.00000000,596.89000000,1069538.65619000,1606953599999,632858653.20502320,604591,532480.45583000,315241714.26318180,0
2020-12-03 15:59:59.999,1606953600000,596.88000000,623.44000000,585.82000000,615.85000000,935687.91723000,1607039999999,568024618.94103900,513555,481922.57902000,292623478.63136890,0
2020-12-04 15:59:59.999,1607040000000,615.84000000,620.00000000,565.82000000,567.24000000,1052452.78666000,1607126399999,624543865.90086520,556641,488225.14672000,289993182.86860670,0
2020-12-05 15:59:59.999,1607126400000,567.24000000,597.11000000,560.88000000,596.80000000,701567.95564000,1607212799999,410382624.74253480,389600,362873.30755000,212540315.03846360,0
2020-12-06 15:59:59.999,1607212800000,596.82000000,607.50000000,583.00000000,601.54000000,602496.96339000,1607299199999,359236400.29499330,363661,311000.01314000,185485506.35937250,0
2020-12-07 15:59:59.999,1607299200000,601.59000000,603.15000000,584.22000000,591.28000000,498329.37589000,1607385599999,295598087.02799800,347036,236796.14093000,140496350.95128050,0
2020-12-08 15:59:59.999,1607385600000,591.27000000,595.00000000,549.22000000,554.94000000,804443.00717000,1607471999999,461781203.16172090,422868,371889.68919000,213672984.76221560,0
2020-12-09 15:59:59.999,1607472000000,554.92000000,578.08000000,530.43000000,573.09000000,997192.16738000,1607558399999,555142155.88265270,535975,503291.69076000,280447024.92060910,0
2020-12-10 15:59:59.999,1607558400000,573.20000000,575.70000000,548.11000000,558.99000000,608414.51466000,1607644799999,341352126.26706100,376548,301401.59013000,169125585.10276520,0
2020-12-11 15:59:59.999,1607644800000,558.99000000,560.80000000,535.50000000,544.43000000,768921.78317000,1607731199999,419607430.44734580,400545,369206.67071000,201527071.67009370,0
2020-12-12 15:59:59.999,1607731200000,544.46000000,574.00000000,543.10000000,568.04000000,573913.95311000,1607817599999,320867352.46155610,321104,303037.86143000,169441251.72908650,0
2020-12-13 15:59:59.999,1607817600000,568.09000000,595.00000000,563.22000000,590.70000000,657794.46158000,1607903999999,383072560.34673000,359525,326199.32502000,189873757.16352030,0
2020-12-14 15:59:59.999,1607904000000,590.81000000,591.48000000,575.60000000,586.29000000,493012.02706000,1607990399999,288110223.95248790,272746,245044.70577000,143226160.02563270,0
2020-12-15 15:59:59.999,1607990400000,586.29000000,597.20000000,578.58000000,588.64000000,569270.52011000,1608076799999,334543178.36939210,329161,290602.59003000,170832376.24944630,0
2020-12-16 15:59:59.999,1608076800000,588.78000000,640.00000000,580.71000000,637.18000000,1185588.05078000,1608163199999,725009244.40773530,589563,615898.25662000,376680848.04210240,0
2020-12-17 15:59:59.999,1608163200000,637.18000000,676.25000000,625.76000000,642.70000000,2006130.01975000,1608249599999,1307445033.12182490,974504,975946.21679000,636041218.08299910,0
2020-12-18 15:59:59.999,1608249600000,642.71000000,664.61000000,629.40000000,653.85000000,1000012.98018000,1608335999999,646217791.22968610,554335,496068.24065000,320579472.24291110,0
2020-12-19 15:59:59.999,1608336000000,653.76000000,669.95000000,645.42000000,658.03000000,858803.88459000,1608422399999,564029933.25885230,562281,421384.66554000,276780293.91863170,0
2020-12-20 15:59:59.999,1608422400000,658.05000000,661.39000000,621.01000000,638.18000000,823958.22843000,1608508799999,533109285.65194770,505181,394908.57533000,255626307.21206790,0
2020-12-21 15:59:59.999,1608508800000,638.10000000,648.00000000,595.90000000,607.58000000,843251.16565000,1608595199999,524208673.90862380,521589,408550.63200000,254158056.05938060,0
2020-12-22 15:59:59.999,1608595200000,607.68000000,637.73000000,588.00000000,636.45000000,918851.25654000,1608681599999,563872004.63349170,522945,466287.90424000,286284535.10764970,0
2020-12-23 15:59:59.999,1608681600000,636.41000000,638.44000000,551.28000000,585.56000000,1208807.36518000,1608767999999,733443630.36561180,733896,564050.80567000,342705478.21036510,0
2020-12-24 15:59:59.999,1608768000000,585.48000000,615.02000000,565.43000000,612.31000000,886335.86333000,1608854399999,519843556.98166310,571510,452224.32838000,265331357.89847340,0
2020-12-25 15:59:59.999,1608854400000,612.31000000,634.24000000,604.28000000,626.82000000,798009.62915000,1608940799999,494089140.85723270,468979,410025.85332000,253924482.47283610,0
2020-12-26 15:59:59.999,1608940800000,626.78000000,652.91000000,615.26000000,637.44000000,958585.50647000,1609027199999,607664782.01089470,541191,484016.30919000,307006622.69878590,0
2020-12-27 15:59:59.999,1609027200000,637.44000000,717.13000000,625.00000000,685.11000000,1859968.15029000,1609113599999,1247547956.82394360,1047001,934904.83600000,627557199.45998840,0
2020-12-28 15:59:59.999,1609113600000,685.10000000,748.09000000,681.04000000,730.41000000,1627154.39266000,1609199999999,1180438285.48840650,961277,832490.11082000,603982596.85125660,0
2020-12-29 15:59:59.999,1609200000000,730.40000000,740.78000000,689.20000000,732.00000000,1106876.35855000,1609286399999,794643540.49012380,820504,543799.46855000,390697226.37305640,0
2020-12-30 15:59:59.999,1609286400000,732.00000000,758.74000000,716.62000000,752.17000000,1008574.09906000,1609372799999,743546676.75446260,692405,514590.35901000,379464185.39099070,0
2020-12-31 15:59:59.999,1609372800000,752.17000000,755.74000000,722.00000000,736.42000000,863375.57981000,1609459199999,638503822.39406460,623216,431442.91885000,319087759.04187390,0
2021-01-01 15:59:59.999,1609459200000,736.42000000,749.00000000,714.29000000,728.91000000,675114.09329000,1609545599999,496072043.77740740,483671,338988.53158000,249240373.93868390,0
2021-01-02 15:59:59.999,1609545600000,728.91000000,787.69000000,714.91000000,774.56000000,1352618.57668000,1609631999999,1024472182.61208700,824134,686674.73342000,519915827.01148550,0
2021-01-03 15:59:59.999,1609632000000,774.44000000,1011.07000000,768.71000000,978.28000000,2813603.88615000,1609718399999,2522411859.73160970,1636501,1439027.79886000,1290266275.59314880,0
2021-01-04 15:59:59.999,1609718400000,978.33000000,1162.97000000,890.00000000,1041.43000000,4245010.94004000,1609804799999,4303634203.21959870,2477862,2126337.67210000,2157639019.32919130,0
2021-01-05 15:59:59.999,1609804800000,1041.45000000,1134.60000000,974.45000000,1099.56000000,2706995.67525000,1609891199999,2857050280.00814230,1960503,1337641.02794000,1412551452.85355810,0
2021-01-06 15:59:59.999,1609891200000,1100.16000000,1213.00000000,1057.26000000,1208.42000000,2390136.59334000,1609977599999,2725262121.28851310,1600888,1227955.88850000,1401239480.53057930,0
2021-01-07 15:59:59.999,1609977600000,1208.75000000,1289.00000000,1131.00000000,1224.87000000,1972922.82059000,1610063999999,2406219891.36853430,1402699,974726.97516000,1189746026.15138440,0
2021-01-08 15:59:59.999,1610064000000,1224.86000000,1273.75000000,1065.00000000,1216.93000000,2131172.92341000,1610150399999,2543427452.58012550,1718817,1042889.10509000,1246619297.41983940,0
2021-01-09 15:59:59.999,1610150400000,1216.72000000,1304.37000000,1171.36000000,1276.00000000,1448871.11514000,1610236799999,1780137376.41646950,1131871,746369.69680000,918333130.76833010,0
2021-01-10 15:59:59.999,1610236800000,1276.00000000,1348.33000000,1170.00000000,1254.25000000,1951179.35003000,1610323199999,2517791852.40776210,1437486,979792.30536000,1266203575.09528690,0
2021-01-11 15:59:59.999,1610323200000,1254.24000000,1260.00000000,915.00000000,1087.01000000,4068784.65678000,1610409599999,4290593989.58017690,2557613,1966216.19764000,2073558269.94001260,0
2021-01-12 15:59:59.999,1610409600000,1087.00000000,1150.02000000,1006.33000000,1050.16000000,2302645.34052000,1610495999999,2491067092.51012720,1516625,1149858.00491000,1244662146.28528080,0
2021-01-13 15:59:59.999,1610496000000,1050.36000000,1137.65000000,987.48000000,1129.89000000,1564202.39081000,1610582399999,1664178969.07380440,1123983,792814.80569000,844656818.22553690,0
2021-01-14 15:59:59.999,1610582400000,1129.79000000,1247.55000000,1086.70000000,1231.62000000,1555737.38556000,1610668799999,1825860914.17379550,1255769,794405.96443000,932454704.10136900,0
2021-01-15 15:59:59.999,1610668800000,1231.89000000,1256.98000000,1069.42000000,1168.53000000,1944038.83738000,1610755199999,2302781118.95873940,1519266,966118.73281000,1145518024.49123220,0
2021-01-16 15:59:59.999,1610755200000,1168.48000000,1298.00000000,1151.77000000,1227.83000000,1575384.43797000,1610841599999,1927453174.61179310,1252473,804431.16803000,984555467.09145990,0
2021-01-17 15:59:59.999,1610841600000,1227.83000000,1269.02000000,1165.00000000,1232.45000000,1317285.00579000,1610927999999,1606424364.49704180,1121278,665250.50449000,811881943.45552540,0
2021-01-18 15:59:59.999,1610928000000,1232.50000000,1260.75000000,1182.58000000,1258.45000000,998050.11073000,1611014399999,1223628040.73726070,940604,499759.24002000,613148505.56560630,0
2021-01-19 15:59:59.999,1611014400000,1258.52000000,1438.30000000,1251.49000000,1365.36000000,2278852.55758000,1611100799999,3120980923.93030880,1840481,1158029.40293000,1585793803.66076070,0
2021-01-20 15:59:59.999,1611100800000,1365.36000000,1407.93000000,1235.42000000,1376.99000000,2219137.62144000,1611187199999,2931656296.46700050,1852253,1103381.08760000,1459031149.78985600,0
2021-01-21 15:59:59.999,1611187200000,1376.72000000,1390.00000000,1086.00000000,1110.96000000,2254164.80365000,1611273599999,2787012514.78097050,1823458,1088341.96818000,1346852630.20308530,0
2021-01-22 15:59:59.999,1611273600000,1111.98000000,1273.79000000,1042.31000000,1232.62000000,2020593.21673000,1611359999999,2360267831.31755460,1652010,1036188.85921000,1212076603.47097220,0
2021-01-23 15:59:59.999,1611360000000,1232.61000000,1272.44000000,1195.90000000,1233.60000000,1009545.08258000,1611446399999,1250575691.76273060,932871,505750.89704000,626781286.58099590,0
2021-01-24 15:59:59.999,1611446400000,1233.46000000,1398.83000000,1220.00000000,1392.51000000,1510879.53817000,1611532799999,1996765627.54051920,1313986,790374.50924000,1045052388.63841560,0
2021-01-25 15:59:59.999,1611532800000,1392.19000000,1475.00000000,1293.69000000,1317.88000000,1885441.31289000,1611619199999,2644267236.89718770,1661512,943347.25829000,1324815913.98590850,0
2021-01-26 15:59:59.999,1611619200000,1317.60000000,1378.49000000,1244.56000000,1365.97000000,1682923.65799000,1611705599999,2216751668.39271260,1423178,856659.30135000,1128968367.85389060,0
2021-01-27 15:59:59.999,1611705600000,1366.54000000,1373.90000000,1207.00000000,1239.03000000,2009772.08358000,1611791999999,2554649901.07484460,1737296,997748.24567000,1268777717.49710370,0
2021-01-28 15:59:59.999,1611792000000,1238.93000000,1360.00000000,1217.23000000,1329.69000000,1365269.71962000,1611878399999,1790490878.19379420,1275024,702526.23919000,922191761.36835110,0
2021-01-29 15:59:59.999,1611878400000,1329.44000000,1436.90000000,1285.35000000,1379.50000000,2253963.18682000,1611964799999,3077996801.23176560,1714076,1126572.38403000,1539947796.20749350,0
2021-01-30 15:59:59.999,1611964800000,1379.56000000,1406.00000000,1326.41000000,1378.05000000,1040042.23630000,1612051199999,1414231402.54388340,1013174,508185.46266000,691043000.99942650,0
2021-01-31 15:59:59.999,1612051200000,1378.04000000,1380.74000000,1281.12000000,1312.55000000,958704.85571000,1612137599999,1276842259.97134880,828176,448756.56134000,597602925.78056310,0
2021-02-01 15:59:59.999,1612137600000,1312.45000000,1377.99000000,1269.99000000,1374.17000000,1096397.91862000,1612223999999,1449463766.72379510,915584,550007.37258000,727808340.67551960,0
2021-02-02 15:59:59.999,1612224000000,1374.09000000,1547.90000000,1360.28000000,1511.87000000,1944227.99878000,1612310399999,2821617332.39978510,1614541,986022.09176000,1431300798.43024110,0
2021-02-03 15:59:59.999,1612310400000,1511.93000000,1669.35000000,1508.39000000,1664.49000000,1535869.88801000,1612396799999,2418887041.58756150,1384979,793334.97198000,1249029451.14196070,0
2021-02-04 15:59:59.999,1612396800000,1664.67000000,1695.20000000,1554.44000000,1595.67000000,1646502.32962000,1612483199999,2693099602.27560810,1507993,825236.64834000,1350478681.24540390,0
2021-02-05 15:59:59.999,1612483200000,1595.53000000,1760.49000000,1591.00000000,1719.19000000,1194123.29946000,1612569599999,2011685911.16688670,1326415,600948.63761000,1012301493.08615330,0
2021-02-06 15:59:59.999,1612569600000,1718.95000000,1743.67000000,1642.94000000,1676.35000000,1149808.33101000,1612655999999,1940057857.94389820,1152167,565703.52545000,954941828.40177990,0
2021-02-07 15:59:59.999,1612656000000,1676.35000000,1693.00000000,1490.46000000,1611.62000000,1281734.86814000,1612742399999,2044371589.02327640,1263737,618789.69751000,987284129.73539090,0
2021-02-08 15:59:59.999,1612742400000,1611.46000000,1775.57000000,1563.89000000,1750.15000000,1339777.09536000,1612828799999,2255426926.01997780,1372788,677614.29512000,1141288384.54742980,0
2021-02-09 15:59:59.999,1612828800000,1749.68000000,1821.88000000,1708.49000000,1769.13000000,1185071.89593000,1612915199999,2080818891.69890500,1173421,593423.36868000,1042666171.18075090,0
2021-02-10 15:59:59.999,1612915200000,1769.14000000,1837.86000000,1680.00000000,1740.78000000,1219932.25474000,1613001599999,2149076144.40765770,1279140,605462.91818000,1067949000.52371340,0
2021-02-11 15:59:59.999,1613001600000,1740.76000000,1819.00000000,1703.44000000,1785.62000000,735079.82699000,1613087999999,1301681871.56326880,935602,367056.14118000,650153645.44318730,0
2021-02-12 15:59:59.999,1613088000000,1785.83000000,1864.88000000,1739.88000000,1840.26000000,909600.20653000,1613174399999,1635426867.77409270,996495,460779.83709000,829217927.34420890,0
2021-02-13 15:59:59.999,1613174400000,1840.24000000,1871.72000000,1765.00000000,1814.96000000,767589.07285000,1613260799999,1395594093.28399760,853189,372008.25141000,676531918.54325300,0
2021-02-14 15:59:59.999,1613260800000,1815.25000000,1850.00000000,1784.11000000,1800.42000000,675261.77873000,1613347199999,1230043295.03428380,714827,334005.33344000,608556979.10253330,0
2021-02-15 15:59:59.999,1613347200000,1800.03000000,1835.72000000,1655.67000000,1779.25000000,1053474.57879000,1613433599999,1860338371.89740780,1086589,511771.37271000,904087834.75423730,0
2021-02-16 15:59:59.999,1613433600000,1779.33000000,1827.28000000,1724.00000000,1781.99000000,817493.47513000,1613519999999,1455884891.92438010,826125,389395.78700000,693804838.74920430,0
2021-02-17 15:59:59.999,1613520000000,1781.99000000,1855.00000000,1733.01000000,1849.88000000,795711.63311000,1613606399999,1437546812.97183170,862461,412387.45021000,745568293.76172300,0
2021-02-18 15:59:59.999,1613606400000,1849.70000000,1950.50000000,1849.69000000,1939.61000000,937227.10191000,1613692799999,1787383532.10237610,1053661,493607.02549000,941541216.78113600,0
2021-02-19 15:59:59.999,1613692800000,1938.91000000,1972.82000000,1891.00000000,1955.00000000,793404.41150000,1613779199999,1533991632.12954610,988320,388954.85277000,752267904.16996680,0
2021-02-20 15:59:59.999,1613779200000,1955.46000000,2042.34000000,1803.14000000,1913.00000000,1261315.81279000,1613865599999,2493836246.48714560,1329067,624716.42408000,1236782122.34460490,0
2021-02-21 15:59:59.999,1613865600000,1912.90000000,1976.31000000,1883.01000000,1933.53000000,756568.19743000,1613951999999,1467970937.28507250,895138,386132.26661000,749271580.57468510,0
2021-02-22 15:59:59.999,1613952000000,1933.54000000,1936.29000000,1551.00000000,1777.58000000,1807244.98099000,1614038399999,3200483176.97958480,1799926,854014.62953000,1513747907.80303880,0
2021-02-23 15:59:59.999,1614038400000,1777.42000000,1782.39000000,1355.00000000,1577.89000000,2547837.82068000,1614124799999,3931407907.53427650,2396626,1231889.46331000,1903489088.14390600,0
2021-02-24 15:59:59.999,1614124800000,1577.79000000,1712.70000000,1500.20000000,1623.39000000,1384388.81727000,1614211199999,2261264845.46507440,1319936,705887.81504000,1153792817.18654230,0
2021-02-25 15:59:59.999,1614211200000,1623.16000000,1671.59000000,1459.16000000,1481.75000000,1032670.79409000,1614297599999,1650582276.87186390,1110019,501173.65129000,802212265.45357460,0
2021-02-26 15:59:59.999,1614297600000,1482.08000000,1562.25000000,1400.00000000,1444.59000000,1355973.29378000,1614383999999,2004016547.11119290,1298739,662906.93964000,979857228.42828460,0
2021-02-27 15:59:59.999,1614384000000,1444.56000000,1529.00000000,1425.00000000,1458.13000000,927423.04750000,1614470399999,1375946816.33254320,954919,452205.99129000,671100313.80011610,0
2021-02-28 15:59:59.999,1614470400000,1458.27000000,1468.75000000,1293.18000000,1419.18000000,1410207.56284000,1614556799999,1929140046.64625870,1190546,704060.34406000,963537938.07734470,0
2021-03-01 15:59:59.999,1614556800000,1418.67000000,1572.00000000,1409.91000000,1569.86000000,1094695.17839000,1614643199999,1642627276.31055880,989006,568597.04493000,853434777.37504840,0
2021-03-02 15:59:59.999,1614643200000,1570.00000000,1602.90000000,1455.52000000,1486.78000000,1061142.38743000,1614729599999,1627312282.62352900,966176,508683.55658000,781051077.73856460,0
2021-03-03 15:59:59.999,1614729600000,1486.79000000,1656.94000000,1475.47000000,1567.69000000,1054846.31471000,1614815999999,1676300215.04583230,1237215,534919.19161000,850213871.68664110,0
2021-03-04 15:59:59.999,1614816000000,1567.68000000,1624.87000000,1506.36000000,1539.23000000,946365.67088000,1614902399999,1476463517.98648710,1125118,468540.00465000,731257773.71699530,0
2021-03-05 15:59:59.999,1614902400000,1539.22000000,1548.96000000,1441.66000000,1528.31000000,910786.28976000,1614988799999,1355798089.27269910,1000913,451258.01245000,672042056.24061980,0
2021-03-06 15:59:59.999,1614988800000,1528.08000000,1671.58000000,1513.03000000,1650.35000000,1013300.93928000,1615075199999,1611851701.82401670,1188531,536167.18087000,853820036.09284670,0
2021-03-07 15:59:59.999,1615075200000,1650.68000000,1734.16000000,1630.35000000,1726.16000000,848470.78136000,1615161599999,1414988218.19354000,1166072,432388.65922000,721395027.18272030,0
2021-03-08 15:59:59.999,1615161600000,1726.46000000,1843.59000000,1664.96000000,1833.18000000,1149711.39987000,1615247999999,1995142128.64813450,1407402,602217.91071000,1046045706.90183630,0
2021-03-09 15:59:59.999,1615248000000,1833.22000000,1870.77000000,1798.20000000,1870.51000000,857229.47855000,1615334399999,1570286249.45090050,1196670,414078.09328000,758575748.35696330,0
2021-03-10 15:59:59.999,1615334400000,1870.50000000,1877.69000000,1757.00000000,1795.12000000,937230.62831000,1615420799999,1706230875.26766380,1098051,451348.33020000,821707575.72727200,0
2021-03-11 15:59:59.999,1615420800000,1795.28000000,1846.70000000,1725.00000000,1825.78000000,909011.49610000,1615507199999,1627027458.08879630,1023958,443744.99114000,794476087.91730540,0
2021-03-12 15:59:59.999,1615507200000,1825.78000000,1841.88000000,1719.72000000,1766.10000000,869564.63610000,1615593599999,1542873062.42010170,1126153,426161.77880000,756268155.25952690,0
2021-03-13 15:59:59.999,1615593600000,1766.13000000,1944.30000000,1727.75000000,1922.35000000,926283.22642000,1615679999999,1718553131.96147330,1265904,471925.04818000,875441534.03515230,0
2021-03-14 16:59:59.999,1615680000000,1922.35000000,1933.10000000,1836.00000000,1848.10000000,637963.63627000,1615766399999,1200354205.60335700,963564,301776.22952000,567878404.18293170,0
2021-03-15 16:59:59.999,1615766400000,1848.10000000,1891.76000000,1730.00000000,1793.48000000,1025326.79658000,1615852799999,1842608872.76306020,1496415,511041.33812000,918123974.55408360,0
2021-03-16 16:59:59.999,1615852800000,1793.99000000,1819.50000000,1711.68000000,1805.12000000,764993.40147000,1615939199999,1360127229.78991600,987906,388327.71998000,690760061.47753980,0
2021-03-17 16:59:59.999,1615939200000,1805.01000000,1838.88000000,1741.18000000,1823.58000000,658349.44843000,1616025599999,1177718486.96461370,872416,337373.92544000,603533782.44800500,0
2021-03-18 16:59:59.999,1616025600000,1823.58000000,1850.00000000,1759.04000000,1776.08000000,603721.61056000,1616111999999,1092346826.55369030,783517,284617.82364000,514992961.42729320,0
2021-03-19 16:59:59.999,1616112000000,1775.92000000,1840.61000000,1733.47000000,1809.10000000,500258.42875000,1616198399999,901801564.20232610,703977,250974.49054000,452606834.75388390,0
2021-03-20 16:59:59.999,1616198400000,1809.01000000,1868.83000000,1800.86000000,1806.10000000,451556.10639000,1616284799999,828404987.65277420,743672,230001.04734000,421947140.57311450,0
2021-03-21 16:59:59.999,1616284800000,1806.57000000,1817.16000000,1747.00000000,1782.98000000,465953.98749000,1616371199999,830951276.51307660,748800,227170.16353000,405242308.74646660,0
2021-03-22 16:59:59.999,1616371200000,1783.23000000,1807.51000000,1655.15000000,1680.97000000,582727.49081000,1616457599999,1019780398.78218940,879976,284682.99701000,498556293.27248210,0
2021-03-23 16:59:59.999,1616457600000,1681.17000000,1721.17000000,1650.00000000,1668.08000000,577213.99589000,1616543999999,975522491.06404260,654415,286791.61839000,484836342.00614680,0
2021-03-24 16:59:59.999,1616544000000,1668.20000000,1740.86000000,1536.92000000,1581.84000000,753834.52393000,1616630399999,1251031751.15638120,994542,360806.99166000,599730061.13798270,0
2021-03-25 16:59:59.999,1616630400000,1581.88000000,1622.00000000,1549.40000000,1585.74000000,701697.00258000,1616716799999,1115502879.62915160,778215,357916.02537000,569176818.69337150,0
2021-03-26 16:59:59.999,1616716800000,1585.83000000,1699.93000000,1585.79000000,1698.84000000,515470.92907000,1616803199999,844707873.91477140,650812,265021.09760000,434412049.54683700,0
2021-03-27 16:59:59.999,1616803200000,1698.84000000,1732.67000000,1666.41000000,1712.63000000,443845.49957000,1616889599999,753555521.64465620,516929,223163.53000000,378944599.81362170,0
2021-03-28 16:59:59.999,1616889600000,1712.52000000,1725.66000000,1661.40000000,1687.01000000,348895.51314000,1616975999999,592836644.59933920,512231,169502.24442000,288084679.28310710,0
2021-03-29 16:59:59.999,1616976000000,1687.16000000,1841.00000000,1677.85000000,1816.74000000,647724.46387000,1617062399999,1148231088.81158730,846836,342048.84150000,606329959.12347100,0
2021-03-30 16:59:59.999,1617062400000,1816.76000000,1859.13000000,1786.30000000,1840.46000000,568842.00526000,1617148799999,1039262033.38675560,856093,283746.67403000,518558427.24364170,0
2021-03-31 16:59:59.999,1617148800000,1840.41000000,1947.29000000,1768.15000000,1919.37000000,746995.85910000,1617235199999,1387448329.86186770,1040362,377271.88679000,700970286.07833920,0
2021-04-01 16:59:59.999,1617235200000,1919.37000000,1984.77000000,1885.02000000,1968.05000000,741585.07266000,1617321599999,1438751530.78722940,994836,371883.72089000,721736727.44501430,0
2021-04-02 16:59:59.999,1617321600000,1968.05000000,2146.00000000,1948.48000000,2133.69000000,846197.93215000,1617407999999,1719752062.51672840,1218698,436010.09375000,886653805.06916650,0
2021-04-03 16:59:59.999,1617408000000,2133.69000000,2138.12000000,1996.30000000,2008.52000000,770176.32192000,1617494399999,1601516390.59711510,1107620,363187.43008000,755374910.22590540,0
2021-04-04 16:59:59.999,1617494400000,2008.59000000,2091.83000000,1975.24000000,2075.69000000,514345.76554000,1617580799999,1050448906.44240220,818926,263875.56295000,538795778.14292030,0
2021-04-05 16:59:59.999,1617580800000,2075.70000000,2130.64000000,2002.15000000,2107.38000000,684923.61494000,1617667199999,1419084945.81378910,947978,343642.59997000,712219066.86574580,0
2021-04-06 16:59:59.999,1617667200000,2107.43000000,2151.00000000,2044.65000000,2112.21000000,673386.05575000,1617753599999,1420490813.03905580,1106761,332812.25752000,702230157.78786380,0
2021-04-07 16:59:59.999,1617753600000,2112.22000000,2129.01000000,1930.01000000,1963.47000000,892984.90422000,1617839999999,1798606574.05355710,1229155,437902.88352000,882121983.61551560,0
2021-04-08 16:59:59.999,1617840000000,1963.46000000,2084.61000000,1947.35000000,2080.46000000,501355.99800000,1617926399999,1015796231.01188220,911403,250910.57734000,508200399.27288040,0
2021-04-09 16:59:59.999,1617926400000,2080.39000000,2100.00000000,2047.57000000,2066.87000000,426387.43790000,1618012799999,885134116.02290660,645172,205375.78451000,426445139.87481370,0
2021-04-10 16:59:59.999,1618012800000,2067.19000000,2200.00000000,2058.00000000,2133.49000000,655458.20894000,1618099199999,1405364881.85831330,1175161,330628.54391000,708994754.48527730,0
2021-04-11 16:59:59.999,1618099200000,2133.49000000,2165.02000000,2113.40000000,2151.36000000,392265.50773000,1618185599999,839653140.94059150,830771,197850.92141000,423496403.39094470,0
2021-04-12 16:59:59.999,1618185600000,2151.42000000,2203.46000000,2102.00000000,2137.69000000,579093.35694000,1618271999999,1244982956.77003100,914567,286715.00745000,616499175.90461080,0
2021-04-13 16:59:59.999,1618272000000,2137.86000000,2318.00000000,2135.53000000,2299.19000000,782608.62090000,1618358399999,1745821661.49661390,1288668,399098.20720000,890600412.46437300,0
2021-04-14 16:59:59.999,1618358400000,2299.19000000,2447.29000000,2281.33000000,2432.60000000,972931.60866000,1618444799999,2294753430.62740700,1554097,495400.50190000,1168618278.83688300,0
2021-04-15 16:59:59.999,1618444800000,2432.59000000,2543.47000000,2400.00000000,2514.04000000,681950.96645000,1618531199999,1680063463.60112070,1462768,355972.40197000,877438758.04432320,0
2021-04-16 16:59:59.999,1618531200000,2514.04000000,2548.29000000,2300.00000000,2422.67000000,999163.75205000,1618617599999,2418566593.04737460,1679215,486268.80792000,1177128974.46624530,0
2021-04-17 16:59:59.999,1618617600000,2422.38000000,2495.00000000,2310.00000000,2317.60000000,624232.25568000,1618703999999,1504895144.91223430,1242299,306700.14929000,739461805.32098790,0
2021-04-18 16:59:59.999,1618704000000,2317.65000000,2340.00000000,1946.80000000,2235.64000000,1475383.69204000,1618790399999,3190809322.51046110,2113566,722180.39492000,1562761985.66474620,0
2021-04-19 16:59:59.999,1618790400000,2235.65000000,2300.00000000,2080.00000000,2161.12000000,820592.26555000,1618876799999,1800575928.10749440,1411498,405251.54082000,889798938.68949470,0
2021-04-20 16:59:59.999,1618876800000,2161.12000000,2346.62000000,2055.00000000,2330.03000000,992240.80900000,1618963199999,2181209665.22593570,1478664,500443.49263000,1100996922.79137390,0
2021-04-21 16:59:59.999,1618963200000,2330.26000000,2469.54000000,2235.16000000,2357.06000000,1177885.86170000,1619049599999,2771995884.03614840,1905822,587138.28906000,1381898508.98941880,0
2021-04-22 16:59:59.999,1619049600000,2357.06000000,2644.47000000,2303.44000000,2397.94000000,2220753.09746000,1619135999999,5508778905.78141780,3110597,1124195.46709000,2790172132.67703410,0
2021-04-23 16:59:59.999,1619136000000,2397.94000000,2442.89000000,2107.00000000,2367.39000000,2532242.44185000,1619222399999,5719925451.74555810,2790382,1244539.89520000,2812376010.14417070,0
2021-04-24 16:59:59.999,1619222400000,2367.39000000,2368.74000000,2154.80000000,2213.35000000,997688.94623000,1619308799999,2246912953.27178130,1275474,494456.79061000,1113625193.11945120,0
2021-04-25 16:59:59.999,1619308800000,2214.08000000,2356.64000000,2168.00000000,2320.49000000,857517.38218000,1619395199999,1948978895.46515520,1307545,431554.84567000,981153774.03556340,0
2021-04-26 16:59:59.999,1619395200000,2320.44000000,2542.80000000,2303.64000000,2532.60000000,1076469.01367000,1619481599999,2652330344.66202370,1852607,547426.15132000,1348633236.68046310,0
2021-04-27 16:59:59.999,1619481600000,2532.06000000,2680.00000000,2480.29000000,2666.13000000,771728.46451000,1619567999999,1995139023.61483670,1255607,404885.92295000,1047010126.52780100,0
2021-04-28 16:59:59.999,1619568000000,2666.13000000,2760.00000000,2559.44000000,2748.24000000,999383.18520000,1619654399999,2673547154.20087140,1587100,497704.72280000,1332642242.75256730,0
2021-04-29 16:59:59.999,1619654400000,2748.23000000,2798.00000000,2668.00000000,2757.04000000,863890.01069000,1619740799999,2366133509.25480070,1379738,428965.61199000,1175245479.02532190,0
2021-04-30 16:59:59.999,1619740800000,2757.04000000,2798.30000000,2723.09000000,2772.42000000,695339.20482000,1619827199999,1917297701.09952250,1382521,348038.76271000,959914846.73766510,0
2021-05-01 16:59:59.999,1619827200000,2772.42000000,2954.28000000,2743.41000000,2944.77000000,690260.07741000,1619913599999,1979833188.06520470,1437394,363427.72753000,1042474172.81408930,0
2021-05-02 16:59:59.999,1619913600000,2944.83000000,2985.00000000,2852.26000000,2949.56000000,571982.54450000,1619999999999,1672310882.24470070,1132280,294479.86893000,861215743.58829320,0
2021-05-03 16:59:59.999,1620000000000,2949.33000000,3454.00000000,2949.32000000,3431.04000000,1329088.06280000,1620086399999,4243786480.41515130,2502746,689402.61551000,2199717718.45329330,0
2021-05-04 16:59:59.999,1620086400000,3431.04000000,3527.00000000,3160.00000000,3239.01000000,1826039.38558000,1620172799999,6103102520.70946180,3634236,913493.51765000,3054026099.65137780,0
2021-05-05 16:59:59.999,1620172800000,3239.01000000,3549.34000000,3200.23000000,3524.26000000,1174816.73588000,1620259199999,3955994776.90115780,2224441,581159.24143000,1957116423.54505080,0
2021-05-06 16:59:59.999,1620259200000,3524.33000000,3605.40000000,3376.47000000,3489.73000000,920592.57706000,1620345599999,3213427394.77726540,1703109,457348.26339000,1596792938.75437370,0
2021-05-07 16:59:59.999,1620345600000,3489.74000000,3587.00000000,3353.23000000,3479.53000000,760544.64781000,1620431999999,2641740668.46964650,1382532,373468.63998000,1297499899.40799850,0
2021-05-08 16:59:59.999,1620432000000,3479.79000000,3958.33000000,3449.27000000,3910.26000000,1130467.54852000,1620518399999,4170897763.92239390,2146967,576465.81586000,2128434949.10360530,0
2021-05-09 16:59:59.999,1620518400000,3910.26000000,3983.65000000,3726.08000000,3923.95000000,1000401.00820000,1620604799999,3885039042.66370740,2289303,501191.98456000,1946904544.35834790,0
2021-05-10 16:59:59.999,1620604800000,3923.95000000,4208.00000000,3650.00000000,3945.88000000,1505897.92612000,1620691199999,6079977785.41138740,3033133,745235.17136000,3010349053.85757370,0
2021-05-11 16:59:59.999,1620691200000,3946.63000000,4180.22000000,3771.64000000,4173.45000000,1095927.10403000,1620777599999,4350260231.58878710,2290977,546195.67057000,2169036982.21856120,0
2021-05-12 16:59:59.999,1620777600000,4173.46000000,4372.72000000,3701.58000000,3823.21000000,1601842.74017000,1620863999999,6673102683.97424080,3188941,781569.68782000,3259590092.47307750,0
2021-05-13 16:59:59.999,1620864000000,3810.15000000,4034.77000000,3500.00000000,3717.91000000,2068708.17427000,1620950399999,7846531159.41968720,3943562,1019129.41961000,3869202428.61408120,0
2021-05-14 16:59:59.999,1620950400000,3717.92000000,4173.28000000,3691.35000000,4075.01000000,1153390.42631000,1621036799999,4569415542.24788800,2227244,589306.03131000,2332631768.07003270,0
2021-05-15 16:59:59.999,1621036800000,4075.02000000,4134.05000000,3632.00000000,3646.68000000,1039174.88082000,1621123199999,4030586492.96493760,2055345,498020.66776000,1932010797.35632840,0
2021-05-16 16:59:59.999,1621123200000,3646.24000000,3879.00000000,3343.06000000,3582.10000000,1324065.65875000,1621209599999,4788918304.49799650,2532983,633005.25035000,2292116232.82542330,0
2021-05-17 16:59:59.999,1621209600000,3581.81000000,3587.06000000,3102.00000000,3282.51000000,1904012.43998000,1621295999999,6401071580.73482600,2885352,933732.36068000,3143594982.02332910,0
2021-05-18 16:59:59.999,1621296000000,3282.25000000,3565.71000000,3240.00000000,3375.07000000,1287110.84143000,1621382399999,4392873871.82242700,2143887,648040.21083000,2211619486.73454610,0
2021-05-19 16:59:59.999,1621382400000,3375.08000000,3441.73000000,1888.00000000,2438.92000000,4309836.31939000,1621468799999,11641524166.98745910,5548968,2090952.35775000,5659752851.77794760,0
2021-05-20 16:59:59.999,1621468800000,2438.92000000,2990.05000000,2155.00000000,2768.62000000,2942777.93010000,1621555199999,7750201898.66744090,4243052,1465674.26337000,3868330692.80134180,0
2021-05-21 16:59:59.999,1621555200000,2767.87000000,2938.54000000,2101.00000000,2430.98000000,2727031.93514000,1621641599999,6898701128.84112870,3676164,1340165.22786000,3393349822.16471050,0
2021-05-22 16:59:59.999,1621641600000,2430.98000000,2485.00000000,2145.00000000,2294.87000000,1684318.01157000,1621727999999,3934313840.47072720,2484734,822180.46988000,1920309768.12387790,0
2021-05-23 16:59:59.999,1621728000000,2295.45000000,2381.57000000,1728.74000000,2096.39000000,2914548.73125000,1621814399999,5907260139.54496040,3761018,1410830.44221000,2862585215.17754130,0
2021-05-24 16:59:59.999,1621814400000,2096.63000000,2675.00000000,2079.94000000,2648.43000000,2186632.92245000,1621900799999,5180244966.72123050,3299296,1103328.42714000,2619744995.63767940,0
2021-05-25 16:59:59.999,1621900800000,2647.92000000,2750.00000000,2378.54000000,2705.11000000,2115349.50445000,1621987199999,5442737549.40125950,2976859,1050034.53412000,2703460213.34386700,0
2021-05-26 16:59:59.999,1621987200000,2705.10000000,2910.00000000,2643.00000000,2884.94000000,1583799.59251000,1622073599999,4416389128.58148030,2726537,786524.11588000,2193352742.23433530,0
2021-05-27 16:59:59.999,1622073600000,2884.82000000,2889.74000000,2633.68000000,2742.23000000,1099029.91206000,1622159999999,3033719144.34021290,1732113,540641.23243000,1493018236.97161750,0
2021-05-28 16:59:59.999,1622160000000,2742.23000000,2762.45000000,2327.38000000,2412.10000000,1554584.61362000,1622246399999,3934662309.04442250,2184249,763125.86389000,1931909198.76905150,0
2021-05-29 16:59:59.999,1622246400000,2412.34000000,2574.27000000,2204.10000000,2278.74000000,1379427.18851000,1622332799999,3288804154.83187110,1887733,681047.48538000,1625990815.62972840,0
2021-05-30 16:59:59.999,1622332800000,2278.74000000,2476.42000000,2180.53000000,2385.98000000,1151113.19883000,1622419199999,2726606138.63171710,1519005,577190.77662000,1368058965.08403240,0
2021-05-31 16:59:59.999,1622419200000,2385.82000000,2720.00000000,2271.44000000,2706.15000000,1307958.04068000,1622505599999,3277131772.13407020,1849177,661801.72603000,1660383324.59553620,0
2021-06-01 16:59:59.999,1622505600000,2706.15000000,2740.00000000,2523.74000000,2634.57000000,1179577.10806000,1622591999999,3081355010.95345160,1790186,575201.66943000,1503196035.62328500,0
2021-06-02 16:59:59.999,1622592000000,2634.31000000,2802.99000000,2550.00000000,2706.22000000,970070.53563000,1622678399999,2616566301.62878750,1349232,481481.72170000,1299176997.00391970,0
2021-06-03 16:59:59.999,1622678400000,2706.21000000,2891.95000000,2662.40000000,2857.25000000,1024290.89423000,1622764799999,2874856613.49024370,1620340,500895.12021000,1405843557.46235420,0
2021-06-04 16:59:59.999,1622764800000,2857.25000000,2860.00000000,2552.00000000,2689.51000000,1188314.11191000,1622851199999,3175186750.49087600,1775946,580744.67311000,1551953930.28723620,0
2021-06-05 16:59:59.999,1622851200000,2689.54000000,2816.87000000,2552.23000000,2627.73000000,961824.12413000,1622937599999,2575726370.43085890,1670498,485392.70366000,1300138730.36917720,0
2021-06-06 16:59:59.999,1622937600000,2627.63000000,2745.00000000,2614.00000000,2711.92000000,673792.69369000,1623023999999,1814112037.53351020,1336460,330313.64976000,889529103.19303190,0
2021-06-07 16:59:59.999,1623024000000,2711.92000000,2847.55000000,2570.00000000,2592.05000000,1152128.07856000,1623110399999,3149245176.91126330,1926275,577620.94623000,1579210256.00219440,0
2021-06-08 16:59:59.999,1623110400000,2592.05000000,2620.99000000,2304.91000000,2507.23000000,1693747.42759000,1623196799999,4201646662.88173420,2128256,825822.24736000,2049450576.80712030,0
2021-06-09 16:59:59.999,1623196800000,2507.43000000,2626.63000000,2405.28000000,2610.18000000,1276718.24011000,1623283199999,3223323188.07037870,1763686,628336.14933000,1586470728.75922050,0
2021-06-10 16:59:59.999,1623283200000,2610.20000000,2624.46000000,2425.11000000,2471.09000000,741237.49926000,1623369599999,1874571746.43544430,978237,363431.81896000,918906133.88569960,0
2021-06-11 16:59:59.999,1623369600000,2471.01000000,2497.99000000,2321.37000000,2354.01000000,587364.27358000,1623455999999,1424975261.80772060,885172,283123.21039000,687294443.98245280,0
2021-06-12 16:59:59.999,1623456000000,2354.09000000,2454.53000000,2256.22000000,2370.74000000,767439.49840000,1623542399999,1807036943.99862450,1127302,387478.69595000,912817435.78954980,0
2021-06-13 16:59:59.999,1623542400000,2370.64000000,2548.41000000,2308.41000000,2509.33000000,715948.75986000,1623628799999,1724097564.33430690,1217504,362663.11262000,873887342.40012990,0
2021-06-14 16:59:59.999,1623628800000,2509.33000000,2609.17000000,2461.00000000,2580.77000000,684183.55622000,1623715199999,1730260219.13381020,1118498,344642.00777000,871859785.37770810,0
2021-06-15 16:59:59.999,1623715200000,2580.58000000,2640.00000000,2507.70000000,2543.54000000,599826.64933000,1623801599999,1548303436.06276510,1044834,296745.76720000,766423377.38332160,0
2021-06-16 16:59:59.999,1623801600000,2543.55000000,2556.19000000,2351.18000000,2367.89000000,624741.78358000,1623887999999,1533734359.41300690,896073,284039.92262000,698017754.35405180,0
2021-06-17 16:59:59.999,1623888000000,2368.02000000,2460.50000000,2306.00000000,2373.28000000,560667.58566000,1623974399999,1338389545.00148260,961448,270180.83506000,645226707.83642750,0
2021-06-18 16:59:59.999,1623974400000,2373.28000000,2378.00000000,2139.00000000,2234.09000000,778905.20197000,1624060799999,1758827532.88334170,1067542,371196.26583000,838571112.17782590,0
2021-06-19 16:59:59.999,1624060800000,2234.09000000,2278.82000000,2161.67000000,2164.67000000,496872.24997000,1624147199999,1104923869.41859910,763820,247263.46485000,550102564.55565630,0
2021-06-20 16:59:59.999,1624147200000,2165.34000000,2280.01000000,2040.68000000,2243.47000000,743883.64741000,1624233599999,1599009750.52690320,1035537,372014.61158000,800346451.86224570,0
2021-06-21 16:59:59.999,1624233600000,2243.49000000,2260.16000000,1865.54000000,1885.49000000,1629819.66576000,1624319999999,3252129521.67750420,2014010,790387.70091000,1576559907.57416550,0
2021-06-22 16:59:59.999,1624320000000,1885.27000000,1998.00000000,1700.48000000,1879.28000000,1695338.08052000,1624406399999,3158928001.13114460,1856357,836934.44825000,1561415491.33612570,0
2021-06-23 16:59:59.999,1624406400000,1879.29000000,2045.00000000,1821.95000000,1968.14000000,918612.30494000,1624492799999,1817518228.91007080,1141790,462271.19818000,914984412.73121520,0
2021-06-24 16:59:59.999,1624492800000,1967.95000000,2036.61000000,1884.79000000,1989.52000000,701231.67478000,1624579199999,1377799766.49945500,833337,344155.41659000,676304789.18465590,0
2021-06-25 16:59:59.999,1624579200000,1989.53000000,2019.99000000,1791.22000000,1808.82000000,858808.54767000,1624665599999,1612556879.10728130,1041338,408120.68053000,766594867.42016600,0
2021-06-26 16:59:59.999,1624665600000,1808.97000000,1852.80000000,1717.32000000,1829.64000000,832315.14904000,1624751999999,1478550576.56464500,923226,407180.66965000,723391264.73486720,0
2021-06-27 16:59:59.999,1624752000000,1829.84000000,1984.50000000,1804.26000000,1982.28000000,696055.79307000,1624838399999,1299521992.07179920,1091206,354611.53419000,662881681.77063400,0
2021-06-28 16:59:59.999,1624838400000,1982.27000000,2145.00000000,1960.52000000,2084.41000000,1044244.68308000,1624924799999,2138998047.87762790,1657087,541464.02542000,1109375130.95630950,0
2021-06-29 16:59:59.999,1624924800000,2084.42000000,2245.00000000,2073.57000000,2165.33000000,831257.23277000,1625011199999,1804733069.98298930,1536044,421410.27571000,915112793.59543550,0
2021-06-30 16:59:59.999,1625011200000,2165.46000000,2287.78000000,2087.99000000,2275.68000000,910583.60320000,1625097599999,1973676680.87312690,1464112,455834.94051000,988252389.85378930,0
2021-07-01 16:59:59.999,1625097600000,2275.68000000,2275.93000000,2073.12000000,2106.41000000,787865.25137000,1625183999999,1688043308.12725720,1414518,384175.37542000,822709363.86298340,0
2021-07-02 16:59:59.999,1625184000000,2106.41000000,2160.00000000,2018.50000000,2154.13000000,672282.37476000,1625270399999,1397269246.26645640,862561,337006.28168000,700715966.08241900,0
2021-07-03 16:59:59.999,1625270400000,2153.95000000,2240.00000000,2112.01000000,2226.99000000,569264.80100000,1625356799999,1248888441.25315360,922576,295114.62138000,647377288.84975310,0
2021-07-04 16:59:59.999,1625356800000,2226.99000000,2389.93000000,2189.58000000,2322.69000000,590656.25069000,1625443199999,1365904900.34990690,1204553,301461.36172000,697045137.93735710,0
2021-07-05 16:59:59.999,1625443200000,2322.69000000,2324.64000000,2157.32000000,2196.53000000,781806.31605000,1625529599999,1753862827.37910470,1264204,376068.64852000,843863080.02800320,0
2021-07-06 16:59:59.999,1625529600000,2196.85000000,2350.00000000,2193.00000000,2322.50000000,785330.17152000,1625615999999,1803108194.46840940,1326163,394638.45053000,905951763.47152810,0
2021-07-07 16:59:59.999,1625616000000,2322.51000000,2409.00000000,2291.90000000,2316.57000000,666501.35572000,1625702399999,1570553094.63757130,1113578,341514.34243000,804702677.27470940,0
2021-07-08 16:59:59.999,1625702400000,2316.25000000,2325.60000000,2084.79000000,2116.33000000,880265.04124000,1625788799999,1926184139.30984800,1234614,430334.02257000,941278322.13075520,0
2021-07-09 16:59:59.999,1625788800000,2116.32000000,2189.40000000,2046.51000000,2146.99000000,738611.36304000,1625875199999,1568646237.31099510,867603,376374.92640000,799855032.10683950,0
2021-07-10 16:59:59.999,1625875200000,2146.99000000,2194.82000000,2074.16000000,2110.69000000,499071.85904000,1625961599999,1058023794.51142400,646476,244207.37542000,517802339.24897590,0
2021-07-11 16:59:59.999,1625961600000,2110.68000000,2174.00000000,2081.02000000,2140.45000000,342294.40302000,1626047999999,727911535.26899800,479138,175830.75143000,374053441.95443570,0
2021-07-12 16:59:59.999,1626048000000,2140.54000000,2167.83000000,2006.68000000,2031.58000000,540630.10742000,1626134399999,1126108847.37136920,725803,259649.61299000,541195461.20277140,0
2021-07-13 16:59:59.999,1626134400000,2031.57000000,2047.35000000,1918.00000000,1940.15000000,647388.24969000,1626220799999,1287490852.46149500,902810,316356.56219000,629467223.59503010,0
2021-07-14 16:59:59.999,1626220800000,1940.44000000,2019.18000000,1865.00000000,1994.58000000,690505.60937000,1626307199999,1342931974.34964650,936438,340257.85670000,661765917.43079320,0
2021-07-15 16:59:59.999,1626307200000,1994.41000000,2042.88000000,1881.00000000,1919.51000000,645271.32563000,1626393599999,1251834409.94177210,865033,327273.48478000,635240853.68817500,0
2021-07-16 16:59:59.999,1626393600000,1919.54000000,1965.00000000,1850.00000000,1876.26000000,577068.89724000,1626479999999,1097832472.32213350,721120,281955.46534000,536656638.66655450,0
2021-07-17 16:59:59.999,1626480000000,1876.47000000,1919.19000000,1844.45000000,1899.59000000,430300.51578000,1626566399999,810628641.25790230,576008,216291.07537000,407705129.43381680,0
2021-07-18 16:59:59.999,1626566400000,1899.50000000,1993.79000000,1877.10000000,1891.64000000,534837.63654000,1626652799999,1038104997.52201780,768528,265665.55659000,515762272.12334460,0
2021-07-19 16:59:59.999,1626652800000,1891.65000000,1919.00000000,1805.00000000,1818.73000000,547419.93771000,1626739199999,1011627398.92388260,641063,251885.98865000,465870373.91848700,0
2021-07-20 16:59:59.999,1626739200000,1818.73000000,1841.34000000,1706.00000000,1786.03000000,786257.27200000,1626825599999,1386498470.34016670,943640,361612.01276000,638066651.10509070,0
2021-07-21 16:59:59.999,1626825600000,1786.03000000,2035.23000000,1747.55000000,1995.50000000,1115949.82033000,1626911999999,2138345813.78544520,1304423,572242.67732000,1096535844.29122840,0
2021-07-22 16:59:59.999,1626912000000,1995.50000000,2046.00000000,1947.62000000,2024.56000000,768854.36590000,1626998399999,1536669128.52045190,1074800,380631.63083000,760682754.97891000,0
2021-07-23 16:59:59.999,1626998400000,2024.27000000,2130.90000000,1993.22000000,2124.25000000,708160.91322000,1627084799999,1455496732.05165370,1035643,369453.14045000,759725736.55294710,0
2021-07-24 16:59:59.999,1627084800000,2124.26000000,2199.50000000,2105.58000000,2184.75000000,633075.18592000,1627171199999,1360667031.98300710,1056670,325598.83875000,699891567.75717780,0
2021-07-25 16:59:59.999,1627171200000,2184.90000000,2197.41000000,2105.93000000,2189.79000000,535630.27000000,1627257599999,1154562327.65394490,941623,264032.01071000,569308146.37992020,0
2021-07-26 16:59:59.999,1627257600000,2189.82000000,2433.65000000,2171.57000000,2228.08000000,1393738.16300000,1627343999999,3222622416.25672450,2252910,700749.72547000,1620304810.08242410,0
2021-07-27 16:59:59.999,1627344000000,2227.81000000,2319.26000000,2150.50000000,2299.49000000,906359.23478000,1627430399999,2025582065.41379440,1502763,453060.98840000,1012813193.01872810,0
2021-07-28 16:59:59.999,1627430400000,2299.47000000,2345.00000000,2243.15000000,2300.90000000,718202.57727000,1627516799999,1649860557.29344960,1287050,354056.40824000,813646516.75851010,0
2021-07-29 16:59:59.999,1627516800000,2300.90000000,2400.00000000,2266.12000000,2382.92000000,499364.83496000,1627603199999,1157988358.94629320,1036449,256551.90722000,595101393.80372220,0
2021-07-30 16:59:59.999,1627603200000,2382.93000000,2471.70000000,2315.92000000,2461.81000000,762577.28797000,1627689599999,1824191451.55863100,1428312,392130.06114000,938693364.85985250,0
2021-07-31 16:59:59.999,1627689600000,2461.77000000,2553.86000000,2420.68000000,2531.05000000,507601.05026000,1627775999999,1253810139.13837080,1007386,260698.67822000,644275659.91790090,0
2021-08-01 16:59:59.999,1627776000000,2531.10000000,2697.61000000,2511.24000000,2555.69000000,853495.94078000,1627862399999,2217485596.77845390,1810440,424598.26467000,1103204692.34837050,0
2021-08-02 16:59:59.999,1627862400000,2555.50000000,2666.00000000,2507.00000000,2606.93000000,726701.84952000,1627948799999,1887684672.47104930,1596914,349146.53842000,907116380.71133030,0
2021-08-03 16:59:59.999,1627948800000,2606.92000000,2632.44000000,2442.32000000,2509.04000000,792960.84375000,1628035199999,1986976146.00415050,1701919,379722.87711000,951417932.12994000,0
2021-08-04 16:59:59.999,1628035200000,2508.51000000,2772.71000000,2457.68000000,2724.78000000,954590.75360000,1628121599999,2498364633.89465500,1839302,487804.51345000,1277999531.48759380,0
2021-08-05 16:59:59.999,1628121600000,2724.55000000,2843.98000000,2529.91000000,2826.99000000,1307720.20654000,1628207999999,3553456266.77196980,2690052,667954.44340000,1816958298.94569250,0
2021-08-06 16:59:59.999,1628208000000,2827.01000000,2946.75000000,2720.06000000,2891.58000000,825399.48637000,1628294399999,2334160884.12592920,1873337,414224.32756000,1171841746.72537970,0
2021-08-07 16:59:59.999,1628294400000,2891.54000000,3171.00000000,2865.50000000,3160.31000000,1205277.10095000,1628380799999,3673732670.31735410,2318608,626027.34275000,1908033758.04634790,0
2021-08-08 16:59:59.999,1628380800000,3160.48000000,3189.99000000,2949.03000000,3011.85000000,966349.70579000,1628467199999,2979960615.13002620,1771162,483981.14361000,1494356685.81814990,0
2021-08-09 16:59:59.999,1628467200000,3011.84000000,3186.00000000,2893.23000000,3160.52000000,1129584.61614000,1628553599999,3453771928.06033580,2114151,561464.36607000,1719164995.69060490,0
2021-08-10 16:59:59.999,1628553600000,3160.51000000,3233.00000000,3051.22000000,3141.66000000,880675.74443000,1628639999999,2763516346.66778850,1824522,446954.52251000,1403643255.70046900,0
2021-08-11 16:59:59.999,1628640000000,3141.14000000,3274.00000000,3120.27000000,3160.50000000,732546.60433000,1628726399999,2351996141.79722030,1786853,363763.55938000,1168247882.89532780,0
2021-08-12 16:59:59.999,1628726400000,3160.40000000,3239.00000000,2979.29000000,3045.96000000,737628.45808000,1628812799999,2283938414.77176200,1587719,349848.69183000,1083322209.19017900,0
2021-08-13 16:59:59.999,1628812800000,3046.11000000,3327.83000000,3033.80000000,3322.32000000,579333.40323000,1628899199999,1867199038.70777630,1311322,302432.48843000,975151109.19485760,0
2021-08-14 16:59:59.999,1628899200000,3322.33000000,3330.98000000,3200.00000000,3263.16000000,486102.53787000,1628985599999,1587713825.68617880,1014420,237085.55544000,774933248.71536270,0
2021-08-15 16:59:59.999,1628985600000,3263.16000000,3320.00000000,3111.13000000,3307.09000000,565579.67765000,1629071999999,1813755247.62538600,1224556,278202.49839000,892667696.28928210,0
2021-08-16 16:59:59.999,1629072000000,3307.35000000,3335.00000000,3135.22000000,3146.53000000,635667.05422000,1629158399999,2062860388.39544930,1940766,299737.20397000,973748229.97346400,0
2021-08-17 16:59:59.999,1629158400000,3147.18000000,3290.00000000,2991.89000000,3011.72000000,804996.06971000,1629244799999,2535149204.53759840,1644472,374586.04818000,1180969163.57111260,0
2021-08-18 16:59:59.999,1629244800000,3011.73000000,3125.81000000,2950.00000000,3014.55000000,625103.25568000,1629331199999,1902429362.96362430,1093813,312124.66699000,950560051.11965720,0
2021-08-19 16:59:59.999,1629331200000,3014.18000000,3188.00000000,2958.33000000,3184.12000000,634769.92174000,1629417599999,1931520693.61039600,1297759,323213.07804000,984487319.53926300,0
2021-08-20 16:59:59.999,1629417600000,3184.11000000,3300.00000000,3177.16000000,3284.82000000,558127.45540000,1629503999999,1809283029.21790640,1137843,279786.28754000,907257350.55308140,0
2021-08-21 16:59:59.999,1629504000000,3284.81000000,3309.16000000,3207.00000000,3223.43000000,421156.09084000,1629590399999,1375973641.16316310,777622,211442.30870000,691281509.79072030,0
2021-08-22 16:59:59.999,1629590400000,3223.36000000,3272.00000000,3126.42000000,3238.00000000,406479.07654000,1629676799999,1304347038.57135730,803263,200170.96021000,642534234.45985230,0
2021-08-23 16:59:59.999,1629676800000,3238.00000000,3377.89000000,3230.02000000,3321.28000000,602103.44614000,1629763199999,2000534992.14834860,1520784,307844.29088000,1023003561.24712080,0
2021-08-24 16:59:59.999,1629763200000,3321.28000000,3357.85000000,3147.31000000,3170.62000000,540480.07853000,1629849599999,1758604481.59984730,984324,255974.71494000,833541906.12324220,0
2021-08-25 16:59:59.999,1629849600000,3170.63000000,3248.00000000,3080.00000000,3226.87000000,483697.69444000,1629935999999,1534476278.25319960,1031704,237587.76403000,754272690.45619020,0
2021-08-26 16:59:59.999,1629936000000,3226.88000000,3250.00000000,3053.30000000,3093.20000000,442298.47372000,1630022399999,1382397989.45047040,959232,210645.91040000,658517127.74450490,0
2021-08-27 16:59:59.999,1630022400000,3093.06000000,3280.00000000,3060.18000000,3273.45000000,451027.80711000,1630108799999,1434311977.24525590,802187,231317.47040000,735958225.36970060,0
2021-08-28 16:59:59.999,1630108800000,3273.89000000,3287.00000000,3210.31000000,3244.48000000,262360.34921000,1630195199999,850631439.05327950,539377,128912.53425000,418041843.92127730,0
2021-08-29 16:59:59.999,1630195200000,3244.75000000,3285.00000000,3152.34000000,3223.47000000,335806.78270000,1630281599999,1078681950.90208700,661232,168361.75310000,541070972.50378000,0
2021-08-30 16:59:59.999,1630281600000,3223.47000000,3347.95000000,3143.00000000,3229.64000000,625347.27541000,1630367999999,2027490192.49738710,1228525,317195.90286000,1029315993.39414610,0
2021-08-31 16:59:59.999,1630368000000,3229.14000000,3476.00000000,3188.77000000,3429.20000000,863071.13092000,1630454399999,2895209449.70776520,1772849,431197.75023000,1446458670.56606680,0
2021-09-01 16:59:59.999,1630454400000,3429.19000000,3842.00000000,3382.22000000,3826.82000000,845759.95868000,1630540799999,3038498667.85423990,2022132,445083.48573000,1600713524.73887060,0
2021-09-02 16:59:59.999,1630540800000,3826.82000000,3836.80000000,3717.04000000,3785.82000000,525165.79960000,1630627199999,1981758437.08575600,1402190,255406.36110000,963939552.29690300,0
2021-09-03 16:59:59.999,1630627200000,3785.82000000,4027.88000000,3705.05000000,3938.11000000,655903.75739000,1630713599999,2557662974.33001620,1678132,334965.95109000,1306320160.64938360,0
2021-09-04 16:59:59.999,1630713600000,3938.11000000,3970.00000000,3832.50000000,3885.52000000,364478.11930000,1630799999999,1422981232.23371200,996623,176186.70340000,688072330.17936000,0
2021-09-05 16:59:59.999,1630800000000,3885.61000000,3980.00000000,3830.00000000,3950.29000000,365759.85970000,1630886399999,1432553302.47684100,1083584,187163.42260000,733284736.18579200,0
2021-09-06 16:59:59.999,1630886400000,3950.28000000,3970.00000000,3864.30000000,3926.77000000,397768.57830000,1630972799999,1562560096.37577000,865160,199177.05470000,782756030.92282000,0
2021-09-07 16:59:59.999,1630972800000,3926.67000000,3947.15000000,3005.00000000,3434.57000000,1203536.00209000,1631059199999,4298119218.28275360,2359100,567117.08258000,2025608219.49501760,0
2021-09-08 16:59:59.999,1631059200000,3434.84000000,3560.00000000,3215.16000000,3499.00000000,780611.76570000,1631145599999,2665272033.98010800,1783652,385803.02140000,1318127754.08935500,0
2021-09-09 16:59:59.999,1631145600000,3499.01000000,3567.06000000,3390.40000000,3424.93000000,628553.88310000,1631231999999,2194182935.33863800,1147283,313804.09190000,1095691059.37289600,0
2021-09-10 16:59:59.999,1631232000000,3424.94000000,3514.11000000,3150.00000000,3208.86000000,633026.26590000,1631318399999,2107283581.30531000,1128069,312620.07730000,1041506592.91631600,0
2021-09-11 16:59:59.999,1631318400000,3208.85000000,3348.37000000,3200.00000000,3267.21000000,413524.17610000,1631404799999,1355587141.45379300,833958,207506.73780000,680210107.37741400,0
2021-09-12 16:59:59.999,1631404800000,3267.10000000,3474.16000000,3231.10000000,3404.21000000,408858.95950000,1631491199999,1379322044.69763100,1089138,203397.62820000,686413591.48490200,0
2021-09-13 16:59:59.999,1631491200000,3404.30000000,3430.30000000,3108.49000000,3285.35000000,647855.71990000,1631577599999,2103663103.06774800,1363198,311994.07200000,1013528553.21259900,0
2021-09-14 16:59:59.999,1631577600000,3285.09000000,3437.05000000,3269.95000000,3434.37000000,373634.90260000,1631663999999,1249733657.13210300,894664,187175.39870000,626226181.39353200,0
2021-09-15 16:59:59.999,1631664000000,3434.37000000,3616.16000000,3357.78000000,3613.55000000,428507.52780000,1631750399999,1486156273.79187500,977023,216020.26160000,749354190.41422900,0
2021-09-16 16:59:59.999,1631750400000,3613.55000000,3676.28000000,3481.14000000,3567.98000000,467985.49190000,1631836799999,1680487713.22446500,1081868,231345.77300000,831073629.50489300,0
2021-09-17 16:59:59.999,1631836800000,3567.97000000,3594.17000000,3350.07000000,3399.81000000,398888.37050000,1631923199999,1383268101.51788600,867583,195646.99930000,678415330.95295100,0
2021-09-18 16:59:59.999,1631923200000,3399.89000000,3541.96000000,3368.88000000,3435.64000000,315162.76270000,1632009599999,1090387917.42968900,692204,154824.56140000,535810347.47977900,0
2021-09-19 16:59:59.999,1632009600000,3435.64000000,3456.53000000,3277.74000000,3328.62000000,312948.00130000,1632095999999,1052980779.84908000,687285,151230.70960000,509076793.30780900,0
2021-09-20 16:59:59.999,1632096000000,3328.57000000,3347.82000000,2913.39000000,2977.28000000,917939.57849000,1632182399999,2834781758.89261510,1708278,438137.50219000,1353089301.93475500,0
2021-09-21 16:59:59.999,1632182400000,2977.32000000,3105.83000000,2652.00000000,2765.90000000,971519.88941000,1632268799999,2827179157.43496560,1754962,468088.16275000,1365275107.85533980,0
2021-09-22 16:59:59.999,1632268800000,2766.72000000,3088.88000000,2737.54000000,3076.92000000,677457.64825000,1632355199999,1993084668.61438400,1200519,356419.52515000,1049114512.68168000,0
2021-09-23 16:59:59.999,1632355200000,3076.92000000,3174.50000000,3033.85000000,3152.50000000,459293.88580000,1632441599999,1428616217.71812100,885568,230448.39950000,716904113.01181200,0
2021-09-24 16:59:59.999,1632441600000,3152.41000000,3158.52000000,2733.00000000,2928.53000000,932090.88560000,1632527999999,2715718192.37097600,1607374,447178.16070000,1302897206.37027000,0
2021-09-25 16:59:59.999,1632528000000,2928.22000000,2967.52000000,2801.57000000,2921.73000000,491974.02260000,1632614399999,1428143403.47811100,934301,245314.60920000,712408056.64592600,0
2021-09-26 16:59:59.999,1632614400000,2921.84000000,3115.51000000,2738.17000000,3059.37000000,703594.47800000,1632700799999,2062409598.89487600,1347301,346152.90530000,1015957876.59530500,0
2021-09-27 16:59:59.999,1632700800000,3059.36000000,3164.94000000,2922.71000000,2925.59000000,510130.73190000,1632787199999,1564096695.37296700,1043885,249913.29030000,766484764.13604200,0
2021-09-28 16:59:59.999,1632787200000,2924.76000000,2970.82000000,2789.00000000,2804.91000000,511325.46430000,1632873599999,1477983245.66970200,928494,250476.15270000,724263328.00296900,0
2021-09-29 16:59:59.999,1632873600000,2805.15000000,2950.00000000,2782.00000000,2850.45000000,411305.08930000,1632959999999,1180681056.16231400,748804,207837.60360000,596539497.02346000,0
2021-09-30 16:59:59.999,1632960000000,2850.45000000,3048.42000000,2837.19000000,3000.61000000,506896.76120000,1633046399999,1514341937.30711600,992243,255146.89260000,762091704.42696800,0
2021-10-01 16:59:59.999,1633046400000,3000.62000000,3330.00000000,2969.07000000,3309.91000000,648714.61510000,1633132799999,2063112280.66779100,1446386,336578.17690000,1070284895.05662900,0
2021-10-02 16:59:59.999,1633132800000,3309.91000000,3469.00000000,3257.00000000,3387.76000000,422551.18110000,1633219199999,1417055615.81663700,1046194,215469.09750000,722876150.36715000,0
2021-10-03 16:59:59.999,1633219200000,3387.77000000,3488.00000000,3342.51000000,3417.73000000,360586.89050000,1633305599999,1231536168.31536300,816339,183173.92820000,625701691.95187700,0
2021-10-04 16:59:59.999,1633305600000,3417.73000000,3437.19000000,3270.00000000,3386.31000000,485204.64200000,1633391999999,1631562261.55497600,1090407,234726.45740000,789540744.90345900,0
2021-10-05 16:59:59.999,1633392000000,3386.31000000,3545.00000000,3363.78000000,3515.27000000,393900.88180000,1633478399999,1355905889.61094700,1025512,198949.77870000,684720843.63256900,0
2021-10-06 16:59:59.999,1633478400000,3515.48000000,3632.11000000,3342.00000000,3574.89000000,618265.54020000,1633564799999,2172519696.56298500,1444856,309931.14560000,1089939304.81141600,0
2021-10-07 16:59:59.999,1633564800000,3574.88000000,3653.98000000,3470.80000000,3587.47000000,486102.35910000,1633651199999,1736906584.27609000,1252503,243095.03090000,868883834.30190500,0
2021-10-08 16:59:59.999,1633651200000,3587.47000000,3618.02000000,3547.09000000,3583.20000000,83840.76730000,1633737599999,300286921.62104400,242002,40268.15930000,144247188.89704800,0
